poi_id,terminal_code,terminal_name,venue_id,floor_id,floor_name,floor_level,name_vi,name_en,name_origin,lat,lng,type_id,type_name,categories,phone,website,open_close_at,status,img_logo
420364783232,T2,Ga Quốc Tế T2,420321697575,420322445959,F2 - Departure,2,+84 Cafe,+84 Cafe,+84 Cafe,10.81612125314,106.66467189789,18,node-poi,8,+84 28 3848 5634,http://tansonnhatairport.vn/,24 Hours,available,https://mapper-images-singapore.s3-ap-southeast-1.amazonaws.com/seedpoi/logos/company15/5814813041735028728.png
420364799797,T2,Ga Quốc Tế T2,420321697575,420322445656,F0 - Arrival,0,+84 Cafe,+84 Cafe,+84 Cafe,10.816019163993,106.66450057179,18,node-poi,8,+84 28 3844 8358,http://www.sasco.com.vn/,24 Hours,available,https://mapper-images-singapore.s3-ap-southeast-1.amazonaws.com/seedpoi/logos/company15/11795443461735028730.png
420364797070,T2,Ga Quốc Tế T2,420321697575,420322445656,F0 - Arrival,0,Băng Chuyền Nhận Hành Lý,Baggage Claim,Băng Chuyền Nhận Hành Lý,10.816222920725,106.66358800176,30,poi-baggage-claim,,+84 28 3848 5634,http://tansonnhatairport.vn/,24 Hours,available,
420364797171,T2,Ga Quốc Tế T2,420321697575,420322445656,F0 - Arrival,0,Băng Chuyền Nhận Hành Lý,Baggage Claim,Băng Chuyền Nhận Hành Lý,10.816282321753,106.6637469436,30,poi-baggage-claim,,+84 28 3848 5634,http://tansonnhatairport.vn/,24 Hours,available,
420364796868,T2,Ga Quốc Tế T2,420321697575,420322445656,F0 - Arrival,0,Băng Chuyền Nhận Hành Lý,Baggage Claim,Băng Chuyền Nhận Hành Lý,10.816362531719,106.66396356063,30,poi-baggage-claim,,+84 28 3848 5634,http://tansonnhatairport.vn/,24 Hours,available,
420364796969,T2,Ga Quốc Tế T2,420321697575,420322445656,F0 - Arrival,0,Băng Chuyền Nhận Hành Lý,Baggage Claim,Băng Chuyền Nhận Hành Lý,10.816440703928,106.66417708961,30,poi-baggage-claim,,+84 28 3848 5634,http://tansonnhatairport.vn/,24 Hours,available,
420364797474,T2,Ga Quốc Tế T2,420321697575,420322445656,F0 - Arrival,0,Băng Chuyền Nhận Hành Lý,Baggage Claim,Băng Chuyền Nhận Hành Lý,10.816522663216,106.66438801251,30,poi-baggage-claim,,+84 28 3848 5634,http://tansonnhatairport.vn/,24 Hours,available,
420364797575,T2,Ga Quốc Tế T2,420321697575,420322445656,F0 - Arrival,0,Băng Chuyền Nhận Hành Lý,Baggage Claim,Băng Chuyền Nhận Hành Lý,10.816585892521,106.6645502652,30,poi-baggage-claim,,+84 28 3848 5634,http://tansonnhatairport.vn/,24 Hours,available,
420364796666,T2,Ga Quốc Tế T2,420321697575,420322445656,F0 - Arrival,0,Băng Chuyền Nhận Hành Lý,Baggage Claim,Băng Chuyền Nhận Hành Lý,10.816165166283,106.66342975143,30,poi-baggage-claim,,+84 28 3848 5634,http://tansonnhatairport.vn/,24 Hours,available,
420364796767,T2,Ga Quốc Tế T2,420321697575,420322445656,F0 - Arrival,0,Băng Chuyền Nhận Hành Lý,Baggage Claim,Băng Chuyền Nhận Hành Lý,10.816649903947,106.66471182638,30,poi-baggage-claim,,+84 28 3848 5634,http://tansonnhatairport.vn/,24 Hours,available,
420364779595,T2,Ga Quốc Tế T2,420321697575,420322445959,F2 - Departure,2,Big Bowl,Big Bowl,Big Bowl,10.815924162274,106.66412914228,18,node-poi,8,+84 28 3848 5634,http://tansonnhatairport.vn/,24 Hours,available,https://mapper-images-singapore.s3-ap-southeast-1.amazonaws.com/seedpoi/logos/company15/11806343651735028728.png
420364799696,T2,Ga Quốc Tế T2,420321697575,420322445656,F0 - Arrival,0,Big Bowl,Big Bowl,Big Bowl,10.815836283005,106.664017444,18,node-poi,8,+84 28 3848 5634,http://tansonnhatairport.vn/,6AM - 11:45PM,available,https://mapper-images-singapore.s3-ap-southeast-1.amazonaws.com/seedpoi/logos/company15/11795366681735028730.png
420364779292,T2,Ga Quốc Tế T2,420321697575,420322445959,F2 - Departure,2,Buger King,Buger King,Buger King,10.81614002437,106.66472151876,18,node-poi,8,+84 28 3848 5634,http://tansonnhatairport.vn/,24 Hours,available,https://mapper-images-singapore.s3-ap-southeast-1.amazonaws.com/seedpoi/logos/company15/11806482861735028728.png
420364795151,T2,Ga Quốc Tế T2,420321697575,420322445656,F0 - Arrival,0,Buồng Tắm,Shower,Buồng Tắm,10.817674115296,106.6661071208,18,node-poi,,+84 28 3848 5634,http://tansonnhatairport.vn/,24 Hours,available,https://mapper-images-singapore.s3-ap-southeast-1.amazonaws.com/seedpoi/logos/company15/2969542721735028730.png
420364778080,T2,Ga Quốc Tế T2,420321697575,420322445959,F2 - Departure,2,Burkery,Burkery,Burkery,10.817005850592,106.66407151563,18,node-poi,,+84 28 3848 5634,http://tansonnhatairport.vn/,24 Hours,available,https://mapper-images-singapore.s3-ap-southeast-1.amazonaws.com/seedpoi/logos/company15/17286325641735028728.png
420364777575,T2,Ga Quốc Tế T2,420321697575,420322445959,F2 - Departure,2,Bưu Điện,Post Office,Bưu Điện,10.816044622184,106.66429768169,18,node-poi,20,+84 28 3848 5634,http://tansonnhatairport.vn/,24 Hours,available,https://mapper-images-singapore.s3-ap-southeast-1.amazonaws.com/seedpoi/logos/company15/17288956571735028728.png
420364793535,T2,Ga Quốc Tế T2,420321697575,420322445757,F3,3,Cà Phê Trung Nguyên,Trung Nguyen Coffee,Cà Phê Trung Nguyên,10.815995459151,106.66430488327,18,node-poi,8,+84 28 3848 5634,http://tansonnhatairport.vn/,24 Hours,available,https://mapper-images-singapore.s3-ap-southeast-1.amazonaws.com/seedpoi/logos/company15/5874618341735028731.png
420364714040,T2,Ga Quốc Tế T2,420321697575,420322445858,F1 - Gate,1,Cà Phê Trung Nguyên,Trung Nguyen Coffee,Cà Phê Trung Nguyên,10.816027726312,106.66408516467,18,node-poi,8,+84 28 3848 5634,http://tansonnhatairport.vn/,24 Hours,available,https://mapper-images-singapore.s3-ap-southeast-1.amazonaws.com/seedpoi/logos/company15/5799481971735028726.png
420364780000,T2,Ga Quốc Tế T2,420321697575,420322445959,F2 - Departure,2,Coach,Coach,Coach,10.816839256766,106.66349929642,18,node-poi,,+84 28 3823 7180,https://world.coach.com/,24 Hours,available,https://mapper-images-singapore.s3-ap-southeast-1.amazonaws.com/seedpoi/logos/company15/17284417181735028728.png
420364786969,T2,Ga Quốc Tế T2,420321697575,420322445858,F1 - Gate,1,Cửa 08,Gate 08,Cửa 08,10.815395414767,106.66178384346,27,poi-gate,,+84 28 3848 5634,http://tansonnhatairport.vn/,24 Hours,available,
420364786868,T2,Ga Quốc Tế T2,420321697575,420322445858,F1 - Gate,1,Cửa 09,Gate 09,Cửa 09,10.81617036682,106.66185565541,27,poi-gate,,+84 28 3848 5634,http://tansonnhatairport.vn/,24 Hours,available,
420364796464,T2,Ga Quốc Tế T2,420321697575,420322445656,F0 - Arrival,0,Cửa 10,Gate 10,Cửa 10,10.816677853163,106.66271830376,27,poi-gate,,+84 28 3848 5634,http://tansonnhatairport.vn/,24 Hours,available,
420364796565,T2,Ga Quốc Tế T2,420321697575,420322445656,F0 - Arrival,0,Cửa 11,Gate 11,Cửa 11,10.816708459262,106.66280926837,27,poi-gate,,+84 28 3848 5634,http://tansonnhatairport.vn/,24 Hours,available,
420364793838,T2,Ga Quốc Tế T2,420321697575,420322445656,F0 - Arrival,0,Cửa 12,Gate 12,Cửa 12,10.816747977555,106.66290314568,27,poi-gate,,+84 28 3848 5634,http://tansonnhatairport.vn/,24 Hours,available,
420364793939,T2,Ga Quốc Tế T2,420321697575,420322445656,F0 - Arrival,0,Cửa 13,Gate 13,Cửa 13,10.81678238036,106.66299963263,27,poi-gate,,+84 28 3848 5634,http://tansonnhatairport.vn/,24 Hours,available,
420364784242,T2,Ga Quốc Tế T2,420321697575,420322445858,F1 - Gate,1,Cửa 15,Gate 15,Cửa 15,10.816485435714,106.66219000953,27,poi-gate,,+84 28 3848 5634,http://tansonnhatairport.vn/,24 Hours,available,
420364784343,T2,Ga Quốc Tế T2,420321697575,420322445858,F1 - Gate,1,Cửa 16,Gate 16,Cửa 16,10.816733984529,106.66280731504,27,poi-gate,,+84 28 3848 5634,http://tansonnhatairport.vn/,24 Hours,available,
420364785151,T2,Ga Quốc Tế T2,420321697575,420322445858,F1 - Gate,1,Cửa 17,Gate 17,Cửa 17,10.816979784596,106.66345234914,27,poi-gate,,+84 28 3848 5634,http://tansonnhatairport.vn/,24 Hours,available,
420364784040,T2,Ga Quốc Tế T2,420321697575,420322445858,F1 - Gate,1,Cửa 18,Gate 18,Cửa 18,10.817211309046,106.66410573303,27,poi-gate,,+84 28 3848 5634,http://tansonnhatairport.vn/,24 Hours,available,
420364784141,T2,Ga Quốc Tế T2,420321697575,420322445858,F1 - Gate,1,Cửa 19,Gate 19,Cửa 19,10.817458865998,106.66475520594,27,poi-gate,,+84 28 3848 5634,http://tansonnhatairport.vn/,24 Hours,available,
420364784646,T2,Ga Quốc Tế T2,420321697575,420322445858,F1 - Gate,1,Cửa 20,Gate 20,Cửa 20,10.817690405468,106.66535383892,27,poi-gate,,+84 28 3848 5634,http://tansonnhatairport.vn/,24 Hours,available,
420364792222,T2,Ga Quốc Tế T2,420321697575,420322445656,F0 - Arrival,0,Cửa 22,Gate 22,Cửa 22,10.817797723495,106.66567621688,27,poi-gate,,+84 28 3848 5634,http://tansonnhatairport.vn/,24 Hours,available,
420364792323,T2,Ga Quốc Tế T2,420321697575,420322445656,F0 - Arrival,0,Cửa 23,Gate 23,Cửa 23,10.817841625689,106.66578811528,27,poi-gate,,+84 28 3848 5634,http://tansonnhatairport.vn/,24 Hours,available,
420364792020,T2,Ga Quốc Tế T2,420321697575,420322445656,F0 - Arrival,0,Cửa 24,Gate 24,Cửa 24,10.817879394332,106.66589345485,27,poi-gate,,+84 28 3848 5634,http://tansonnhatairport.vn/,24 Hours,available,
420364792121,T2,Ga Quốc Tế T2,420321697575,420322445656,F0 - Arrival,0,Cửa 25,Gate 25,Cửa 25,10.81791891247,106.66600342542,27,poi-gate,,+84 28 3848 5634,http://tansonnhatairport.vn/,24 Hours,available,
420364784747,T2,Ga Quốc Tế T2,420321697575,420322445858,F1 - Gate,1,Cửa 26,Gate 26,Cửa 26,10.817968254713,106.66609564565,27,poi-gate,,+84 28 3848 5634,http://tansonnhatairport.vn/,24 Hours,available,
420364784444,T2,Ga Quốc Tế T2,420321697575,420322445858,F1 - Gate,1,Cửa 27,Gate 27,Cửa 27,10.818211929164,106.66673528963,27,poi-gate,,+84 28 3848 5634,http://tansonnhatairport.vn/,24 Hours,available,
420364786161,T2,Ga Quốc Tế T2,420321697575,420322445858,F1 - Gate,1,Cửa Hàng Lưu Niệm,Souvenir Shop,Cửa Hàng Lưu Niệm,10.817275102364,106.66449745016,18,node-poi,"3,8",+84 28 3848 5634,http://tansonnhatairport.vn/,24 Hours,available,https://mapper-images-singapore.s3-ap-southeast-1.amazonaws.com/seedpoi/logos/company15/17321767131735028726.png
420364778282,T2,Ga Quốc Tế T2,420321697575,420322445959,F2 - Departure,2,Cửa Hàng Lưu Niệm,Souvenir Shop,Cửa Hàng Lưu Niệm,10.8173891806,106.66513571371,18,node-poi,3,+84 28 3848 5634,http://tansonnhatairport.vn/,24 Hours,available,https://mapper-images-singapore.s3-ap-southeast-1.amazonaws.com/seedpoi/logos/company15/17286065121735028728.png
420364779090,T2,Ga Quốc Tế T2,420321697575,420322445959,F2 - Departure,2,Cửa Hàng Lưu Niệm,Souvenir Shop,Cửa Hàng Lưu Niệm,10.816386097143,106.66249582875,18,node-poi,3,+84 28 3848 5634,http://tansonnhatairport.vn/,24 Hours,available,
420364779191,T2,Ga Quốc Tế T2,420321697575,420322445959,F2 - Departure,2,Cửa Hàng Lưu Niệm,Souvenir Shop,Cửa Hàng Lưu Niệm,10.816309109697,106.66229437569,18,node-poi,,+84 28 3848 5634,http://tansonnhatairport.vn/,24 Hours,available,
420364710404,T2,Ga Quốc Tế T2,420321697575,420322445858,F1 - Gate,1,Cửa Hàng Lưu Niệm,Souvenir Shop,Cửa Hàng Lưu Niệm,10.81654770151,106.66255496344,18,node-poi,"3,8",+84 28 3848 5634,http://tansonnhatairport.vn/,24 Hours,available,
420364710505,T2,Ga Quốc Tế T2,420321697575,420322445858,F1 - Gate,1,Cửa Hàng Lưu Niệm,Souvenir Shop,Cửa Hàng Lưu Niệm,10.816404118259,106.66243828735,18,node-poi,"3,8",+84 28 3848 5634,http://tansonnhatairport.vn/,24 Hours,available,https://mapper-images-singapore.s3-ap-southeast-1.amazonaws.com/seedpoi/logos/company15/17319195881735028726.png
420364713030,T2,Ga Quốc Tế T2,420321697575,420322445858,F1 - Gate,1,Cửa Hàng Lưu Niệm Sasco,Sasco Souvenir Shop,Cửa Hàng Lưu Niệm Sasco,10.816038786952,106.66191196256,18,node-poi,"3,8",+84 28 3848 5634,http://tansonnhatairport.vn/,24 Hours,available,https://mapper-images-singapore.s3-ap-southeast-1.amazonaws.com/seedpoi/logos/company15/17317926081735028726.png
420364780808,T2,Ga Quốc Tế T2,420321697575,420322445959,F2 - Departure,2,Cửa Hàng Sasco,Sasco Shop,Cửa Hàng Sasco,10.816237502999,106.66204132139,18,node-poi,,+84 28 3848 5634,http://tansonnhatairport.vn/,24 Hours,available,
420364780606,T2,Ga Quốc Tế T2,420321697575,420322445959,F2 - Departure,2,Cửa Hàng Sasco,Sasco Shop,Cửa Hàng Sasco,10.817105122064,106.66417966647,18,node-poi,,+84 28 3848 5634,http://tansonnhatairport.vn/,24 Hours,available,
420364777676,T2,Ga Quốc Tế T2,420321697575,420322445959,F2 - Departure,2,Cửa Hàng Sasco,Sasco Shop,Cửa Hàng Sasco,10.817321257232,106.66488948397,18,node-poi,,+84 28 3848 5634,http://tansonnhatairport.vn/,24 Hours,available,
420364776363,T2,Ga Quốc Tế T2,420321697575,420322445959,F2 - Departure,2,Cửa Hàng Sasco,Sasco Shop,Cửa Hàng Sasco,10.815940867496,106.66203926662,18,node-poi,3,+84 28 3848 5634,http://tansonnhatairport.vn/,24 Hours,available,https://mapper-images-singapore.s3-ap-southeast-1.amazonaws.com/seedpoi/logos/company15/17287676451735028728.png
420364786060,T2,Ga Quốc Tế T2,420321697575,420322445858,F1 - Gate,1,Cửa Hàng Trường Minh,Truong Minh Shop,Cửa Hàng Trường Minh,10.817234925504,106.66434791702,18,node-poi,,+84 28 3848 5634,http://tansonnhatairport.vn/,24 Hours,available,
420364712727,T2,Ga Quốc Tế T2,420321697575,420322445858,F1 - Gate,1,Cửa Hàng Trường Minh,Truong Minh Shop,Cửa Hàng Trường Minh,10.815940559241,106.66190044256,18,node-poi,,+84 28 3848 5634,http://tansonnhatairport.vn/,24 Hours,available,
420364711212,T2,Ga Quốc Tế T2,420321697575,420322445858,F1 - Gate,1,Cửa Hàng Trường Minh,Truong Minh Shop,Cửa Hàng Trường Minh,10.816801261506,106.66322410233,18,node-poi,,+84 28 3848 5634,http://tansonnhatairport.vn/,24 Hours,available,
420364797777,T2,Ga Quốc Tế T2,420321697575,420322445656,F0 - Arrival,0,Cửa Hàng Viễn Thông,Telecom Shop,Cửa Hàng Viễn Thông,10.816042065252,106.66421393635,18,node-poi,20,+84 28 3848 5634,http://tansonnhatairport.vn/,24 Hours,available,https://mapper-images-singapore.s3-ap-southeast-1.amazonaws.com/seedpoi/logos/company15/17281684451735028730.png
420364795757,T2,Ga Quốc Tế T2,420321697575,420322445656,F0 - Arrival,0,Dịch Vụ Cho Thuê Xe Và Khách Sạn,Car Rental and Hotel Services,Dịch Vụ Cho Thuê Xe Và Khách Sạn,10.815850063086,106.66395119456,18,node-poi,20,+84 28 3848 5634,http://tansonnhatairport.vn/,24 Hours,available,https://mapper-images-singapore.s3-ap-southeast-1.amazonaws.com/seedpoi/logos/company15/17284152211735028730.png
420364796262,T2,Ga Quốc Tế T2,420321697575,420322445656,F0 - Arrival,0,Dịch Vụ Cho Thuê Xe Và Khách Sạn,Car Rental and Hotel Services,Dịch Vụ Cho Thuê Xe Và Khách Sạn,10.816069060853,106.66451982287,18,node-poi,20,+84 28 3848 5634,http://tansonnhatairport.vn/,24 Hours,available,https://mapper-images-singapore.s3-ap-southeast-1.amazonaws.com/seedpoi/logos/company15/17284372871735028730.png
420364778383,T2,Ga Quốc Tế T2,420321697575,420322445959,F2 - Departure,2,Dịch Vụ Đổi Tiền Và Ngân Hàng,Money Exchange And Banking Services,Dịch Vụ Đổi Tiền Và Ngân Hàng,10.817015565071,106.66401208268,35,poi-currency-exchange,,+84 28 3848 5634,http://tansonnhatairport.vn/,24 Hours,available,
420364799393,T2,Ga Quốc Tế T2,420321697575,420322445656,F0 - Arrival,0,Hải Quan Và An Ninh Soi Chiếu,Customs And Sercurity,Hải Quan Và An Ninh Soi Chiếu,10.816028683034,106.66397047715,29,poi-baggage-check,,+84 28 3848 5634,http://tansonnhatairport.vn/,24 Hours,available,
420364799898,T2,Ga Quốc Tế T2,420321697575,420322445656,F0 - Arrival,0,Hải Quan Và An Ninh Soi Chiếu,Customs And Sercurity,Hải Quan Và An Ninh Soi Chiếu,10.816189482614,106.66440229154,29,poi-baggage-check,,+84 28 3848 5634,http://tansonnhatairport.vn/,,available,
420364797878,T2,Ga Quốc Tế T2,420321697575,420322445656,F0 - Arrival,0,Hành Lý Thất Lạc,Lost And Found Luggage,Hành Lý Thất Lạc,10.816329499296,106.66452621789,39,poi-lost-found,,+84 28 3848 5634,http://tansonnhatairport.vn/,24 Hours,available,
420364778888,T2,Ga Quốc Tế T2,420321697575,420322445959,F2 - Departure,2,Jewelry,Jewelry,Jewelry,10.816328859996,106.6623470126,18,node-poi,,+84 28 3848 5634,http://tansonnhatairport.vn/,24 Hours,available,https://mapper-images-singapore.s3-ap-southeast-1.amazonaws.com/seedpoi/logos/company15/17287393601735028728.png
420364776060,T2,Ga Quốc Tế T2,420321697575,420322445959,F2 - Departure,2,Jewelry,Jewelry,Jewelry,10.815853415352,106.66202719739,18,node-poi,12,+84 28 3848 5634,http://tansonnhatairport.vn/,24 Hours,available,https://mapper-images-singapore.s3-ap-southeast-1.amazonaws.com/seedpoi/logos/company15/17287770831735028728.png
420364794343,T2,Ga Quốc Tế T2,420321697575,420322445656,F0 - Arrival,0,Khu Mua Sắm,Shopping Area,Khu Mua Sắm,10.816467876314,106.66294230041,18,node-poi,,+84 28 3848 5634,http://tansonnhatairport.vn/,24 Hours,available,https://mapper-images-singapore.s3-ap-southeast-1.amazonaws.com/seedpoi/logos/company15/29693249471735028730.png
420364794949,T2,Ga Quốc Tế T2,420321697575,420322445656,F0 - Arrival,0,Khu Mua Sắm,Shopping Area,Khu Mua Sắm,10.817690581199,106.66596362262,18,node-poi,,+84 28 3848 5634,http://tansonnhatairport.vn/,24 Hours,available,https://mapper-images-singapore.s3-ap-southeast-1.amazonaws.com/seedpoi/logos/company15/29695829831735028730.png
420364792828,T2,Ga Quốc Tế T2,420321697575,420322445757,F3,3,Khu Mua Sắm,Shopping Area,Khu Mua Sắm,10.816880004945,106.66411198675,18,node-poi,,+84 28 3848 5634,http://tansonnhatairport.vn/,24 Hours,available,
420364792929,T2,Ga Quốc Tế T2,420321697575,420322445757,F3,3,Khu Mua Sắm,Shopping Area,Khu Mua Sắm,10.816716254615,106.66368197141,18,node-poi,,+84 28 3848 5634,http://tansonnhatairport.vn/,24 Hours,available,
420364794545,T2,Ga Quốc Tế T2,420321697575,420322445656,F0 - Arrival,0,Khu Vực Hút Thuốc,Smoking Area,Khu Vực Hút Thuốc,10.817594223169,106.6657157609,19,poi-smoking,,+84 28 3848 5634,http://tansonnhatairport.vn/,24 Hours,available,
420364777272,T2,Ga Quốc Tế T2,420321697575,420322445959,F2 - Departure,2,Kiểm Tra An Ninh,Security Check,Kiểm Tra An Ninh,10.815907815545,106.66394713365,10,poi-police,,+84 28 3848 5634,http://tansonnhatairport.vn/,24 Hours,available,
420364777373,T2,Ga Quốc Tế T2,420321697575,420322445959,F2 - Departure,2,Kiểm Tra An Ninh,Security Check,Kiểm Tra An Ninh,10.816115896333,106.66448997922,10,poi-police,,+84 28 3848 5634,http://tansonnhatairport.vn/,24 Hours,available,
420364774646,T2,Ga Quốc Tế T2,420321697575,420322445959,F2 - Departure,2,Kiểm Tra An Ninh Khởi Hành,Departure Security Check,Kiểm Tra An Ninh Khởi Hành,10.816726495373,106.66369773721,10,poi-police,,+84 28 3848 5634,http://tansonnhatairport.vn/,24 Hours,available,
420364774747,T2,Ga Quốc Tế T2,420321697575,420322445959,F2 - Departure,2,Kiểm Tra An Ninh Khởi Hành,Departure Security Check,Kiểm Tra An Ninh Khởi Hành,10.816879489651,106.66411515612,10,poi-police,,+84 28 3848 5634,http://tansonnhatairport.vn/,24 Hours,available,
420364795454,T2,Ga Quốc Tế T2,420321697575,420322445656,F0 - Arrival,0,Lối Vào,Entrance,Lối Vào,10.815875394318,106.66412052139,16,poi-entrance-exit,,+84 28 3848 5634,http://tansonnhatairport.vn/,24 Hours,available,
420364795555,T2,Ga Quốc Tế T2,420321697575,420322445656,F0 - Arrival,0,Lối Vào,Entrance,Lối Vào,10.815972150889,106.66439381213,16,poi-entrance-exit,,+84 28 3848 5634,http://tansonnhatairport.vn/,24 Hours,available,
420364795252,T2,Ga Quốc Tế T2,420321697575,420322445656,F0 - Arrival,0,Lối Vào,Entrance,Lối Vào,10.815750053945,106.66373164398,16,poi-entrance-exit,,+84 28 3848 5634,http://tansonnhatairport.vn/,24 Hours,available,
420364795353,T2,Ga Quốc Tế T2,420321697575,420322445656,F0 - Arrival,0,Lối Vào,Entrance,Lối Vào,10.815792538638,106.6638966081,16,poi-entrance-exit,,+84 28 3848 5634,http://tansonnhatairport.vn/,24 Hours,available,
420364795858,T2,Ga Quốc Tế T2,420321697575,420322445656,F0 - Arrival,0,Lối Vào,Entrance,Lối Vào,10.816069693082,106.66460868343,16,poi-entrance-exit,,+84 28 3848 5634,http://tansonnhatairport.vn/,24 Hours,available,
420364795959,T2,Ga Quốc Tế T2,420321697575,420322445656,F0 - Arrival,0,Lối Vào,Entrance,Lối Vào,10.816137003933,106.66476442627,16,poi-entrance-exit,,+84 28 3848 5634,http://tansonnhatairport.vn/,24 Hours,available,
420364780505,T2,Ga Quốc Tế T2,420321697575,420322445959,F2 - Departure,2,Máy Rút Tiền Tự Động BIDV,BIDV ATM,Máy Rút Tiền Tự Động BIDV,10.817156823689,106.66454269969,5,poi-atm,,+84 28 3848 5634,http://bidv.com.vn/,24 Hours,available,
420364797979,T2,Ga Quốc Tế T2,420321697575,420322445656,F0 - Arrival,0,Máy Rút Tiền Tự Động BIDV,BIDV ATM,Máy Rút Tiền Tự Động BIDV,10.816023635014,106.66416133882,5,poi-atm,,+84 28 3848 5634,http://tansonnhatairport.vn/,24 Hours,available,
420364797676,T2,Ga Quốc Tế T2,420321697575,420322445656,F0 - Arrival,0,Máy Rút Tiền Tự Động BIDV,BIDV ATM,Máy Rút Tiền Tự Động BIDV,10.816063112233,106.66426135167,5,poi-atm,,+84 28 3848 5634,http://tansonnhatairport.vn/,24 Hours,available,
420364798080,T2,Ga Quốc Tế T2,420321697575,420322445656,F0 - Arrival,0,Máy Rút Tiền Tự Động Citibank,Citibank ATM,Máy Rút Tiền Tự Động Citibank,10.815948213483,106.66419706358,5,poi-atm,,+84 28 3848 5634,http://tansonnhatairport.vn/,24 Hours,available,
420364798181,T2,Ga Quốc Tế T2,420321697575,420322445656,F0 - Arrival,0,Máy Rút Tiền Tự Động Citibank,Citibank ATM,Máy Rút Tiền Tự Động Citibank,10.815980795575,106.66428176271,5,poi-atm,,+84 28 3848 5634,http://tansonnhatairport.vn/,24 Hours,available,
420364776161,T2,Ga Quốc Tế T2,420321697575,420322445959,F2 - Departure,2,Ngân hàng Thương mại Cổ phần Công Thương Việt Nam (VietinBank),Vietnam Joint Stock Commercial Bank for Industry and Trade (VietinBank),Ngân hàng Thương mại Cổ phần Công Thương Việt Nam (VietinBank),10.815844676495,106.66207142992,18,node-poi,20,+84 28 3848 5634,http://tansonnhatairport.vn/,24 Hours,available,https://mapper-images-singapore.s3-ap-southeast-1.amazonaws.com/seedpoi/logos/company15/17287842591735028728.png
420364776666,T2,Ga Quốc Tế T2,420321697575,420322445959,F2 - Departure,2,Ngân hàng Thương mại Cổ phần Đầu tư và Phát triển Việt Nam (BIDV),Vietnam Joint Stock Commercial Bank for Investment and Development (BIDV),Ngân hàng Thương mại Cổ phần Đầu tư và Phát triển Việt Nam (BIDV),10.815944615927,106.66208196546,18,node-poi,20,+84 28 3848 5634,http://bidv.com.vn/,24 Hours,available,https://mapper-images-singapore.s3-ap-southeast-1.amazonaws.com/seedpoi/logos/company15/17287996521735028728.png
420364791111,T2,Ga Quốc Tế T2,420321697575,420322445757,F3,3,Nhà Hàng Daisy,Daisy Restaurant,Nhà Hàng Daisy,10.816777997387,106.66329248863,18,node-poi,18,+84 28 3848 5634,http://www.sasco.com.vn/,24 Hours,available,https://mapper-images-singapore.s3-ap-southeast-1.amazonaws.com/seedpoi/logos/company15/17295796681735028731.png
420364778585,T2,Ga Quốc Tế T2,420321697575,420322445959,F2 - Departure,2,Nhà Hàng Dong Son Drum,Dong Son Drum Restaurant,Nhà Hàng Dong Son Drum,10.816536925429,106.66301282455,18,node-poi,,+84 28 3848 5634,http://tansonnhatairport.vn/,24 Hours,available,https://mapper-images-singapore.s3-ap-southeast-1.amazonaws.com/seedpoi/logos/company15/17287068611735028728.png
420364785858,T2,Ga Quốc Tế T2,420321697575,420322445858,F1 - Gate,1,Nhà Vệ Sinh,Restroom,Nhà Vệ Sinh,10.817046915055,106.6640484747,4,poi-wc,,+84 28 3848 5634,http://tansonnhatairport.vn/,24 Hours,available,
420364785959,T2,Ga Quốc Tế T2,420321697575,420322445858,F1 - Gate,1,Nhà Vệ Sinh,Restroom,Nhà Vệ Sinh,10.81707751863,106.66421614844,4,poi-wc,,+84 28 3848 5634,http://tansonnhatairport.vn/,24 Hours,available,
420364786464,T2,Ga Quốc Tế T2,420321697575,420322445858,F1 - Gate,1,Nhà Vệ Sinh,Restroom,Nhà Vệ Sinh,10.817337179729,106.66490175095,4,poi-wc,,+84 28 3848 5634,http://tansonnhatairport.vn/,24 Hours,available,
420364787171,T2,Ga Quốc Tế T2,420321697575,420322445858,F1 - Gate,1,Nhà Vệ Sinh,Restroom,Nhà Vệ Sinh,10.817201236688,106.66487002589,4,poi-wc,,+84 28 3848 5634,http://tansonnhatairport.vn/,24 Hours,available,
420364785353,T2,Ga Quốc Tế T2,420321697575,420322445858,F1 - Gate,1,Nhà Vệ Sinh,Restroom,Nhà Vệ Sinh,10.816519886038,106.66275444121,4,poi-wc,,+84 28 3848 5634,http://tansonnhatairport.vn/,24 Hours,available,
420364782727,T2,Ga Quốc Tế T2,420321697575,420322445858,F1 - Gate,1,Nhà Vệ Sinh,Restroom,Nhà Vệ Sinh,10.816776184502,106.66342512967,4,poi-wc,,+84 28 3848 5634,http://tansonnhatairport.vn/,24 Hours,available,
420364782424,T2,Ga Quốc Tế T2,420321697575,420322445858,F1 - Gate,1,Nhà Vệ Sinh,Restroom,Nhà Vệ Sinh,10.816793010647,106.66346990999,4,poi-wc,,+84 28 3848 5634,http://tansonnhatairport.vn/,24 Hours,available,
420364782525,T2,Ga Quốc Tế T2,420321697575,420322445858,F1 - Gate,1,Nhà Vệ Sinh,Restroom,Nhà Vệ Sinh,10.817099212501,106.66427366926,4,poi-wc,,+84 28 3848 5634,http://tansonnhatairport.vn/,24 Hours,available,
420364783030,T2,Ga Quốc Tế T2,420321697575,420322445858,F1 - Gate,1,Nhà Vệ Sinh,Restroom,Nhà Vệ Sinh,10.817266095827,106.66471447468,4,poi-wc,,+84 28 3848 5634,http://tansonnhatairport.vn/,24 Hours,available,
420364783131,T2,Ga Quốc Tế T2,420321697575,420322445858,F1 - Gate,1,Nhà Vệ Sinh,Restroom,Nhà Vệ Sinh,10.817352690157,106.66494469011,4,poi-wc,,+84 28 3848 5634,http://tansonnhatairport.vn/,24 Hours,available,
420364783939,T2,Ga Quốc Tế T2,420321697575,420322445959,F2 - Departure,2,Nhà Vệ Sinh,Restroom,Nhà Vệ Sinh,10.816279630123,106.66351287764,4,poi-wc,,+84 28 3848 5634,http://tansonnhatairport.vn/,24 Hours,available,
420364783636,T2,Ga Quốc Tế T2,420321697575,420322445959,F2 - Departure,2,Nhà Vệ Sinh,Restroom,Nhà Vệ Sinh,10.816671739994,106.66455630989,4,poi-wc,,+84 28 3848 5634,http://tansonnhatairport.vn/,24 Hours,available,
420364780909,T2,Ga Quốc Tế T2,420321697575,420322445959,F2 - Departure,2,Nhà Vệ Sinh,Restroom,Nhà Vệ Sinh,10.816276256196,106.66213061453,4,poi-wc,,+84 28 3848 5634,http://tansonnhatairport.vn/,24 Hours,available,
420364781616,T2,Ga Quốc Tế T2,420321697575,420322445959,F2 - Departure,2,Nhà Vệ Sinh,Restroom,Nhà Vệ Sinh,10.817052148527,106.66409151884,4,poi-wc,,+84 28 3848 5634,http://tansonnhatairport.vn/,24 Hours,available,
420364780101,T2,Ga Quốc Tế T2,420321697575,420322445959,F2 - Departure,2,Nhà Vệ Sinh,Restroom,Nhà Vệ Sinh,10.816866680264,106.66359110875,4,poi-wc,,+84 28 3848 5634,http://tansonnhatairport.vn/,24 Hours,available,
420364776868,T2,Ga Quốc Tế T2,420321697575,420322445959,F2 - Departure,2,Nhà Vệ Sinh,Restroom,Nhà Vệ Sinh,10.815759056386,106.66363510634,4,poi-wc,,+84 28 3848 5634,http://tansonnhatairport.vn/,24 Hours,available,
420364776969,T2,Ga Quốc Tế T2,420321697575,420322445959,F2 - Departure,2,Nhà Vệ Sinh,Restroom,Nhà Vệ Sinh,10.8162182578,106.66481971627,4,poi-wc,,+84 28 3848 5634,http://tansonnhatairport.vn/,24 Hours,available,
420364798585,T2,Ga Quốc Tế T2,420321697575,420322445656,F0 - Arrival,0,Nhà Vệ Sinh,Restroom,Nhà Vệ Sinh,10.81600708744,106.66362260317,4,poi-wc,,+84 28 3848 5634,http://tansonnhatairport.vn/,24 Hours,available,
420364799090,T2,Ga Quốc Tế T2,420321697575,420322445656,F0 - Arrival,0,Nhà Vệ Sinh,Restroom,Nhà Vệ Sinh,10.816404775802,106.66466940138,4,poi-wc,,+84 28 3848 5634,http://tansonnhatairport.vn/,24 Hours,available,
420364797272,T2,Ga Quốc Tế T2,420321697575,420322445656,F0 - Arrival,0,Nhà Vệ Sinh,Restroom,Nhà Vệ Sinh,10.815903738086,106.66374499399,4,poi-wc,,+84 28 3848 5634,http://tansonnhatairport.vn/,24 Hours,available,
420364797373,T2,Ga Quốc Tế T2,420321697575,420322445656,F0 - Arrival,0,Nhà Vệ Sinh,Restroom,Nhà Vệ Sinh,10.816248752169,106.66464853692,4,poi-wc,,+84 28 3848 5634,http://tansonnhatairport.vn/,24 Hours,available,
420364793737,T2,Ga Quốc Tế T2,420321697575,420322445656,F0 - Arrival,0,Nhà Vệ Sinh,Restroom,Nhà Vệ Sinh,10.816599133225,106.66310164203,4,poi-wc,,+84 28 3848 5634,http://tansonnhatairport.vn/,24 Hours,available,
420364794141,T2,Ga Quốc Tế T2,420321697575,420322445656,F0 - Arrival,0,Nhà Vệ Sinh,Restroom,Nhà Vệ Sinh,10.817191570244,106.66462859375,4,poi-wc,,+84 28 3848 5634,http://tansonnhatairport.vn/,24 Hours,available,
420364795050,T2,Ga Quốc Tế T2,420321697575,420322445656,F0 - Arrival,0,Nhà Vệ Sinh,Restroom,Nhà Vệ Sinh,10.817689708804,106.66614558086,4,poi-wc,,+84 28 3848 5634,http://tansonnhatairport.vn/,24 Hours,available,
420364793434,T2,Ga Quốc Tế T2,420321697575,420322445757,F3,3,Nhà Vệ Sinh,Restroom,Nhà Vệ Sinh,10.815771294401,106.66361024012,4,poi-wc,,+84 28 3848 5634,http://tansonnhatairport.vn/,,available,
420364793232,T2,Ga Quốc Tế T2,420321697575,420322445757,F3,3,Nhà Vệ Sinh,Restroom,Nhà Vệ Sinh,10.816212575753,106.66475319009,4,poi-wc,,+84 28 3848 5634,http://tansonnhatairport.vn/,24 Hours,available,
420364713737,T2,Ga Quốc Tế T2,420321697575,420322445858,F1 - Gate,1,Nhà Vệ Sinh,Restroom,Nhà Vệ Sinh,10.815864371183,106.66364384913,4,poi-wc,,+84 28 3848 5634,http://tansonnhatairport.vn/,24 Hours,available,
420364791010,T2,Ga Quốc Tế T2,420321697575,420322445757,F3,3,Nhà Vệ Sinh,Restroom,Nhà Vệ Sinh,10.816770242667,106.66339861056,4,poi-wc,,+84 28 3848 5634,http://tansonnhatairport.vn/,24 Hours,available,
420364790808,T2,Ga Quốc Tế T2,420321697575,420322445757,F3,3,Nhà Vệ Sinh,Restroom,Nhà Vệ Sinh,10.81710732332,106.66429021456,4,poi-wc,,+84 28 3848 5634,http://tansonnhatairport.vn/,24 Hours,available,
420364714444,T2,Ga Quốc Tế T2,420321697575,420322445858,F1 - Gate,1,Nhà Vệ Sinh,Restroom,Nhà Vệ Sinh,10.816286943784,106.6647409982,4,poi-wc,,+84 28 3848 5634,http://tansonnhatairport.vn/,24 Hours,available,
420364791212,T2,Ga Quốc Tế T2,420321697575,420322445757,F3,3,Nhà Vệ Sinh,Restroom,Nhà Vệ Sinh,10.816630068274,106.66372824746,4,poi-wc,,+84 28 3848 5634,http://tansonnhatairport.vn/,24 Hours,available,
420364791313,T2,Ga Quốc Tế T2,420321697575,420322445757,F3,3,Nhà Vệ Sinh,Restroom,Nhà Vệ Sinh,10.816747755202,106.6641193069,4,poi-wc,,+84 28 3848 5634,http://tansonnhatairport.vn/,24 Hours,available,
420364714949,T2,Ga Quốc Tế T2,420321697575,420322445858,F1 - Gate,1,Nhà Vệ Sinh,Restroom,Nhà Vệ Sinh,10.81547325261,106.66207916583,4,poi-wc,,+84 28 3848 5634,http://tansonnhatairport.vn/,24 Hours,available,
420364712222,T2,Ga Quốc Tế T2,420321697575,420322445858,F1 - Gate,1,Nhà Vệ Sinh,Restroom,Nhà Vệ Sinh,10.815621495219,106.66197564418,4,poi-wc,,+84 28 3848 5634,http://tansonnhatairport.vn/,24 Hours,available,
420364713333,T2,Ga Quốc Tế T2,420321697575,420322445858,F1 - Gate,1,Nhà Vệ Sinh,Restroom,Nhà Vệ Sinh,10.816275510408,106.66211053293,4,poi-wc,,+84 28 3848 5634,http://tansonnhatairport.vn/,24 Hours,available,
420364711111,T2,Ga Quốc Tế T2,420321697575,420322445858,F1 - Gate,1,Nhà Vệ Sinh,Restroom,Nhà Vệ Sinh,10.816539655489,106.66280354869,4,poi-wc,,+84 28 3848 5634,http://tansonnhatairport.vn/,24 Hours,available,
420364710808,T2,Ga Quốc Tế T2,420321697575,420322445858,F1 - Gate,1,Nhà Vệ Sinh,Restroom,Nhà Vệ Sinh,10.816458024647,106.66291687284,4,poi-wc,,+84 28 3848 5634,http://tansonnhatairport.vn/,24 Hours,available,
420364711414,T2,Ga Quốc Tế T2,420321697575,420322445858,F1 - Gate,1,Nhà Vệ Sinh,Restroom,Nhà Vệ Sinh,10.8166466225,106.66308558925,4,poi-wc,,+84 28 3848 5634,http://tansonnhatairport.vn/,24 Hours,available,
420364711919,T2,Ga Quốc Tế T2,420321697575,420322445858,F1 - Gate,1,Nhà Vệ Sinh,Restroom,Nhà Vệ Sinh,10.816859357672,106.66361242714,4,poi-wc,,+84 28 3848 5634,http://tansonnhatairport.vn/,24 Hours,available,
420364794040,T2,Ga Quốc Tế T2,420321697575,420322445656,F0 - Arrival,0,Phòng Chờ Apricot,Apricot Lounge,Phòng Chờ Apricot,10.816558108237,106.66301521095,40,poi-lounge,,+84 28 3848 5634,http://tansonnhatairport.vn/,24 Hours,available,
420364791414,T2,Ga Quốc Tế T2,420321697575,420322445757,F3,3,Phòng Chờ Bông Sen,Lotus Lounge,Phòng Chờ Bông Sen,10.817136628367,106.66438037198,40,poi-lounge,20,1900 1800 | +84 24 38320320,https://www.vietnamairlines.com/,24 Hours,available,https://mapper-images-singapore.s3-ap-southeast-1.amazonaws.com/seedpoi/logos/company15/17567527741735028731.png
420364785454,T2,Ga Quốc Tế T2,420321697575,420322445858,F1 - Gate,1,Phòng Chờ Bông Sen 2,Lotus Lounge 2,Phòng Chờ Bông Sen 2,10.816930785038,106.66360848121,40,poi-lounge,,+84 28 3848 5634,http://tansonnhatairport.vn/,24 Hours,available,https://mapper-images-singapore.s3-ap-southeast-1.amazonaws.com/seedpoi/logos/company15/27491778871735028726.png
420364786666,T2,Ga Quốc Tế T2,420321697575,420322445858,F1 - Gate,1,Phòng Chờ CIP,CIP Lounge,Phòng Chờ CIP,10.817298384555,106.66459781057,40,poi-lounge,,+84 28 3848 5634,http://tansonnhatairport.vn/,24 Hours,available,
420364786767,T2,Ga Quốc Tế T2,420321697575,420322445858,F1 - Gate,1,Phòng Chờ Khởi Hành,Departure Lounge,Phòng Chờ Khởi Hành,10.817156355614,106.66420744578,52,poi-public-chair,,+84 28 3848 5634,http://tansonnhatairport.vn/,24 Hours,available,
420364712323,T2,Ga Quốc Tế T2,420321697575,420322445858,F1 - Gate,1,Phòng Chờ Khởi Hành,Departure Lounge,Phòng Chờ Khởi Hành,10.815566385516,106.6619686872,52,poi-public-chair,,+84 28 3848 5634,http://tansonnhatairport.vn/,24 Hours,available,
420364710606,T2,Ga Quốc Tế T2,420321697575,420322445858,F1 - Gate,1,Phòng Chờ Khởi Hành,Departure Lounge,Phòng Chờ Khởi Hành,10.81582240945,106.66191860937,52,poi-public-chair,,+84 28 3848 5634,http://tansonnhatairport.vn/,24 Hours,available,
420364710707,T2,Ga Quốc Tế T2,420321697575,420322445858,F1 - Gate,1,Phòng Chờ Khởi Hành,Departure Lounge,Phòng Chờ Khởi Hành,10.816439839235,106.66234800437,52,poi-public-chair,,+84 28 3848 5634,http://tansonnhatairport.vn/,24 Hours,available,
420364711313,T2,Ga Quốc Tế T2,420321697575,420322445858,F1 - Gate,1,Phòng Chờ Khởi Hành,Departure Lounge,Phòng Chờ Khởi Hành,10.81683929545,106.66335918786,52,poi-public-chair,,+84 28 3848 5634,http://tansonnhatairport.vn/,24 Hours,available,
420364784949,T2,Ga Quốc Tế T2,420321697575,420322445858,F1 - Gate,1,Phòng Chờ Orchid,Orchid Lounge,Phòng Chờ Orchid,10.816679058829,106.66297823967,40,poi-lounge,,+84 28 3848 5634,http://tansonnhatairport.vn/,24 Hours,available,
420364794444,T2,Ga Quốc Tế T2,420321697575,420322445656,F0 - Arrival,0,Phòng Chờ Orchird,Orchird Lounge,Phòng Chờ Orchird,10.817266758965,106.66460681532,40,poi-lounge,,+84 28 3848 5634,http://tansonnhatairport.vn/,24 Hours,available,
420364784848,T2,Ga Quốc Tế T2,420321697575,420322445858,F1 - Gate,1,Phòng Chờ Rose,Rose Lounge,Phòng Chờ Rose,10.81631991739,106.6620388343,40,poi-lounge,,+84 28 3848 5634,http://tansonnhatairport.vn/,24 Hours,available,
420364778989,T2,Ga Quốc Tế T2,420321697575,420322445959,F2 - Departure,2,Pictures,Pictures,Pictures,10.816272549809,106.66231315143,18,node-poi,,+84 28 3848 5634,http://tansonnhatairport.vn/,24 Hours,available,
420364779999,T2,Ga Quốc Tế T2,420321697575,420322445959,F2 - Departure,2,PNJ,PNJ,PNJ,10.816515139758,106.66295711617,18,node-poi,,+84 28 3848 5634,http://tansonnhatairport.vn/,24 Hours,available,https://mapper-images-singapore.s3-ap-southeast-1.amazonaws.com/seedpoi/logos/company15/17282720081735028728.png
420364794242,T2,Ga Quốc Tế T2,420321697575,420322445656,F0 - Arrival,0,Quán Cà Phê,Coffee Shop,Quán Cà Phê,10.81642408102,106.66282931235,18,node-poi,8,+84 28 3848 5634,http://tansonnhatairport.vn/,24 Hours,available,https://mapper-images-singapore.s3-ap-southeast-1.amazonaws.com/seedpoi/logos/company15/29693136501735028730.png
420364794848,T2,Ga Quốc Tế T2,420321697575,420322445656,F0 - Arrival,0,Quán Cà Phê,Coffee Shop,Quán Cà Phê,10.81763723167,106.66582548885,18,node-poi,8,+84 28 3848 5634,http://tansonnhatairport.vn/,24 Hours,available,https://mapper-images-singapore.s3-ap-southeast-1.amazonaws.com/seedpoi/logos/company15/29695723221735028730.png
420364775050,T2,Ga Quốc Tế T2,420321697575,420322445959,F2 - Departure,2,Quầy Làm Thủ Tục Trực Tuyến Vietnam Airlines B7,Vietnam Airlines Web Check-in Counter B7,Quầy Làm Thủ Tục Trực Tuyến Vietnam Airlines B7,10.815908733488,106.66348141138,34,poi-checkin-counter,,+84 24 38320320 | 1900 1100,https://www.vietnamairlines.com/,24 Hours,available,https://mapper-images-singapore.s3-ap-southeast-1.amazonaws.com/seedpoi/logos/company15/17289995721735028728.png
420364775151,T2,Ga Quốc Tế T2,420321697575,420322445959,F2 - Departure,2,Quầy Làm Thủ Tục Vietnam Airlines A1 - A10,Vietnam Airlines Check-in Counter A1 - A10,Quầy Làm Thủ Tục Vietnam Airlines A1 - A10,10.815906120101,106.66342833473,34,poi-checkin-counter,,+84 24 38320320 | 1900 1100,https://www.vietnamairlines.com/,24 Hours,available,https://mapper-images-singapore.s3-ap-southeast-1.amazonaws.com/seedpoi/logos/company15/17290073281735028728.png
420364798282,T2,Ga Quốc Tế T2,420321697575,420322445656,F0 - Arrival,0,Quầy Thông Tin,Information Desk,Quầy Thông Tin,10.816031747539,106.66418825734,8,poi-info,,+84 28 3848 5634,http://tansonnhatairport.vn/,24 Hours,available,
420364798383,T2,Ga Quốc Tế T2,420321697575,420322445656,F0 - Arrival,0,Quầy Thông Tin Du Lịch,Tourist Information,Quầy Thông Tin Du Lịch,10.816051026101,106.6642390571,8,poi-info,,+84 28 3848 5634,http://tansonnhatairport.vn/,24 Hours,available,
420364776767,T2,Ga Quốc Tế T2,420321697575,420322445959,F2 - Departure,2,Quầy Thủ Tục A,Check-in Counter A,Quầy Thủ Tục A,10.81596270139,106.66340497606,34,poi-checkin-counter,,+84 28 3848 5634,http://tansonnhatairport.vn/,24 Hours,available,
420364776464,T2,Ga Quốc Tế T2,420321697575,420322445959,F2 - Departure,2,Quầy Thủ Tục C,Check-in Counter C,Quầy Thủ Tục C,10.81604515998,106.6636845297,34,poi-checkin-counter,,+84 28 3848 5634,http://tansonnhatairport.vn/,24 Hours,available,
420364774848,T2,Ga Quốc Tế T2,420321697575,420322445959,F2 - Departure,2,Quầy Thủ Tục D,Check-in Counter D,Quầy Thủ Tục D,10.816065157919,106.66373470378,34,poi-checkin-counter,,+84 28 3848 5634,http://tansonnhatairport.vn/,24 Hours,available,
420364774949,T2,Ga Quốc Tế T2,420321697575,420322445959,F2 - Departure,2,Quầy Thủ Tục E,Check-in Counter E,Quầy Thủ Tục E,10.816151213069,106.6639492591,34,poi-checkin-counter,,+84 28 3848 5634,http://tansonnhatairport.vn/,24 Hours,available,
420364776565,T2,Ga Quốc Tế T2,420321697575,420322445959,F2 - Departure,2,Quầy Thủ Tục F,Check-in Counter F,Quầy Thủ Tục F,10.816166608767,106.66399667972,34,poi-checkin-counter,,+84 28 3848 5634,http://tansonnhatairport.vn/,24 Hours,available,
420364777070,T2,Ga Quốc Tế T2,420321697575,420322445959,F2 - Departure,2,Quầy Thủ Tục G,Check-in Counter G,Quầy Thủ Tục G,10.816276695168,106.66426706743,34,poi-checkin-counter,,+84 28 3848 5634,http://tansonnhatairport.vn/,24 Hours,available,
420364775454,T2,Ga Quốc Tế T2,420321697575,420322445959,F2 - Departure,2,Quầy Thủ Tục H,Check-in Counter H,Quầy Thủ Tục H,10.816297442302,106.66431811322,34,poi-checkin-counter,,+84 28 3848 5634,http://tansonnhatairport.vn/,24 Hours,available,
420364774444,T2,Ga Quốc Tế T2,420321697575,420322445959,F2 - Departure,2,Quầy Thủ Tục Hạng Thương Gia Vietnam Airlines B1 - B5,Vietnam Airlines Business Check-in Counter B1 - B5,Quầy Thủ Tục Hạng Thương Gia Vietnam Airlines B1 - B5,10.816017425543,106.66344106926,34,poi-checkin-counter,,+84 24 38320320 | 1900 1100,https://www.vietnamairlines.com/,24 Hours,available,https://mapper-images-singapore.s3-ap-southeast-1.amazonaws.com/seedpoi/logos/company15/17289647651735028728.png
420364775858,T2,Ga Quốc Tế T2,420321697575,420322445959,F2 - Departure,2,Quầy Thủ Tục I,Check-in Counter I,Quầy Thủ Tục I,10.816377827143,106.66453307761,34,poi-checkin-counter,,+84 28 3848 5634,http://tansonnhatairport.vn/,24 Hours,available,
420364775959,T2,Ga Quốc Tế T2,420321697575,420322445959,F2 - Departure,2,Quầy Thủ Tục J,Check-in Counter J,Quầy Thủ Tục J,10.816398244951,106.66458537021,34,poi-checkin-counter,,+84 28 3848 5634,http://tansonnhatairport.vn/,24 Hours,available,
420364777171,T2,Ga Quốc Tế T2,420321697575,420322445959,F2 - Departure,2,Quầy Thủ Tục K,Check-in Counter K,Quầy Thủ Tục K,10.816480009616,106.66479599995,34,poi-checkin-counter,,+84 28 3848 5634,http://tansonnhatairport.vn/,24 Hours,available,
420364775353,T2,Ga Quốc Tế T2,420321697575,420322445959,F2 - Departure,2,Quầy Thủ Tục L,Check-in Counter L,Quầy Thủ Tục L,10.816495284168,106.66484367558,34,poi-checkin-counter,,+84 28 3848 5634,http://tansonnhatairport.vn/,24 Hours,available,
420364774545,T2,Ga Quốc Tế T2,420321697575,420322445959,F2 - Departure,2,Quầy Thủ Tục Vietnam Airlines B6 - B10,Vietnam Airlines Check-in Counter B6 - B10,Quầy Thủ Tục Vietnam Airlines B6 - B10,10.815958471686,106.663463874,34,poi-checkin-counter,,+84 24 38320320 | 1900 1100,https://www.vietnamairlines.com/,24 Hours,available,https://mapper-images-singapore.s3-ap-southeast-1.amazonaws.com/seedpoi/logos/company15/17289892821735028728.png
420364775656,T2,Ga Quốc Tế T2,420321697575,420322445959,F2 - Departure,2,Quầy Tự Làm Thủ Tục,Self Check-in Counter,Quầy Tự Làm Thủ Tục,10.815907687901,106.6635200603,34,poi-checkin-counter,,+84 28 3848 5634,http://tansonnhatairport.vn/,24 Hours,available,
420364790505,T2,Ga Quốc Tế T2,420321697575,420322445757,F3,3,Sale Song Viet,Sale Song Viet,Sale Song Viet,10.815911147053,106.66409119964,18,node-poi,,+84 28 3848 5634,http://tansonnhatairport.vn/,24 Hours,available,https://mapper-images-singapore.s3-ap-southeast-1.amazonaws.com/seedpoi/logos/company15/11807037171735028731.png
420364786363,T2,Ga Quốc Tế T2,420321697575,420322445858,F1 - Gate,1,Sasco Duty Free,Sasco Duty Free,Sasco Duty Free,10.81716955403,106.6644587533,37,poi-duty-free,,+84 28 3848 5634,http://tansonnhatairport.vn/,24 Hours,available,
420364786565,T2,Ga Quốc Tế T2,420321697575,420322445858,F1 - Gate,1,Sasco Duty Free,Sasco Duty Free,Sasco Duty Free,10.817399556281,106.66506765263,37,poi-duty-free,,+84 28 3848 5634,http://tansonnhatairport.vn/,24 Hours,available,
420364779696,T2,Ga Quốc Tế T2,420321697575,420322445959,F2 - Departure,2,Sasco Duty Free,Sasco Duty Free,Sasco Duty Free,10.816557988465,106.66287563176,37,poi-duty-free,,+84 28 3848 5634,http://tansonnhatairport.vn/,24 Hours,available,
420364780303,T2,Ga Quốc Tế T2,420321697575,420322445959,F2 - Departure,2,Sasco Duty Free,Sasco Duty Free,Sasco Duty Free,10.816815875734,106.66339346282,37,poi-duty-free,,+84 28 3848 5634,http://tansonnhatairport.vn/,24 Hours,available,
420364780707,T2,Ga Quốc Tế T2,420321697575,420322445959,F2 - Departure,2,Sasco Duty Free,Sasco Duty Free,Sasco Duty Free,10.817150057077,106.664277832,37,poi-duty-free,,+84 28 3848 5634,http://tansonnhatairport.vn/,24 Hours,available,
420364777878,T2,Ga Quốc Tế T2,420321697575,420322445959,F2 - Departure,2,Sasco Duty Free,Sasco Duty Free,Sasco Duty Free,10.817240405591,106.66467032069,37,poi-duty-free,,+84 28 3848 5634,http://tansonnhatairport.vn/,24 Hours,available,
420364778787,T2,Ga Quốc Tế T2,420321697575,420322445959,F2 - Departure,2,Sasco Duty Free,Sasco Duty Free,Sasco Duty Free,10.816843707104,106.66364159198,37,poi-duty-free,,+84 28 3848 5634,http://tansonnhatairport.vn/,24 Hours,available,
420364712020,T2,Ga Quốc Tế T2,420321697575,420322445858,F1 - Gate,1,Sasco Duty Free,Sasco Duty Free,Sasco Duty Free,10.815737576086,106.66198507016,37,poi-duty-free,,+84 28 3848 5634,http://tansonnhatairport.vn/,24 Hours,available,
420364712121,T2,Ga Quốc Tế T2,420321697575,420322445858,F1 - Gate,1,Sasco Duty Free,Sasco Duty Free,Sasco Duty Free,10.815802102255,106.66199110513,37,poi-duty-free,,+84 28 3848 5634,http://tansonnhatairport.vn/,24 Hours,available,
420364711010,T2,Ga Quốc Tế T2,420321697575,420322445858,F1 - Gate,1,Sasco Duty Free,Sasco Duty Free,Sasco Duty Free,10.816475129479,106.66263390944,37,poi-duty-free,,+84 28 3848 5634,http://tansonnhatairport.vn/,24 Hours,available,
420364711515,T2,Ga Quốc Tế T2,420321697575,420322445858,F1 - Gate,1,Sasco Duty Free,Sasco Duty Free,Sasco Duty Free,10.816706901361,106.66324828925,37,poi-duty-free,,+84 28 3848 5634,http://tansonnhatairport.vn/,24 Hours,available,
420364778484,T2,Ga Quốc Tế T2,420321697575,420322445959,F2 - Departure,2,SJC,SJC,SJC,10.8166976591,106.66332047854,18,node-poi,12,+84 28 3848 5634,http://www.sjc.com.vn/,24 Hours,available,https://mapper-images-singapore.s3-ap-southeast-1.amazonaws.com/seedpoi/logos/company15/17286975341735028728.png
420364779393,T2,Ga Quốc Tế T2,420321697575,420322445959,F2 - Departure,2,Sóng Việt,Song Viet,Sóng Việt,10.816452683797,106.66281284408,18,node-poi,,+84 28 3848 5634,http://tansonnhatairport.vn/,24 Hours,available,https://mapper-images-singapore.s3-ap-southeast-1.amazonaws.com/seedpoi/logos/company15/17235813471735028728.png
420364780404,T2,Ga Quốc Tế T2,420321697575,420322445959,F2 - Departure,2,Sóng Việt,Song Viet,Sóng Việt,10.81711730588,106.66441213541,18,node-poi,,+84 28 3848 5634,http://tansonnhatairport.vn/,24 Hours,available,https://mapper-images-singapore.s3-ap-southeast-1.amazonaws.com/seedpoi/logos/company15/1728537691735028728.png
420364791515,T2,Ga Quốc Tế T2,420321697575,420322445757,F3,3,Song Viet Confetti,Song Viet Confetti,Song Viet Confetti,10.815937416536,106.66415735859,18,node-poi,,+84 28 3848 5634,http://tansonnhatairport.vn/,24 Hours,available,https://mapper-images-singapore.s3-ap-southeast-1.amazonaws.com/seedpoi/logos/company15/18210595141735028731.png
420364779898,T2,Ga Quốc Tế T2,420321697575,420322445959,F2 - Departure,2,Star Cafe,Star Cafe,Star Cafe,10.816454508249,106.66291875612,18,node-poi,8,+84 28 3848 5634,http://tansonnhatairport.vn/,24 Hours,available,https://mapper-images-singapore.s3-ap-southeast-1.amazonaws.com/seedpoi/logos/company15/17282618991735028728.png
420364799999,T2,Ga Quốc Tế T2,420321697575,420322445656,F0 - Arrival,0,Star Cafe,Star Cafe,Star Cafe,10.815774393664,106.66385701207,18,node-poi,8,+84 28 3848 5634,http://tansonnhatairport.vn/,24 Hours,available,https://mapper-images-singapore.s3-ap-southeast-1.amazonaws.com/seedpoi/logos/company15/1179515171735028730.png
420364795656,T2,Ga Quốc Tế T2,420321697575,420322445656,F0 - Arrival,0,Star Cafe,Star Cafe,Star Cafe,10.816077443232,106.66465325824,18,node-poi,8,+84 28 3848 5634,http://tansonnhatairport.vn/,24 Hours,available,https://mapper-images-singapore.s3-ap-southeast-1.amazonaws.com/seedpoi/logos/company15/17283696621735028730.png
420364778181,T2,Ga Quốc Tế T2,420321697575,420322445959,F2 - Departure,2,SV Leather,SV Leather,SV Leather,10.816696549168,106.66343844222,18,node-poi,,+84 28 3848 5634,http://tansonnhatairport.vn/,24 Hours,available,
420364786262,T2,Ga Quốc Tế T2,420321697575,420322445858,F1 - Gate,1,Thang Bộ,Staircase,Thang Bộ,10.817342077229,106.66477095244,17,poi-staircase,,+84 28 3848 5634,http://tansonnhatairport.vn/,24 Hours,available,
420364781111,T2,Ga Quốc Tế T2,420321697575,420322445959,F2 - Departure,2,Thang Bộ,Staircase,Thang Bộ,10.816188040631,106.66196615856,17,poi-staircase,,+84 28 3848 5634,http://tansonnhatairport.vn/,24 Hours,available,
420364781212,T2,Ga Quốc Tế T2,420321697575,420322445959,F2 - Departure,2,Thang Bộ,Staircase,Thang Bộ,10.816719942584,106.66311865,17,poi-staircase,,+84 28 3848 5634,http://tansonnhatairport.vn/,24 Hours,available,
420364782323,T2,Ga Quốc Tế T2,420321697575,420322445959,F2 - Departure,2,Thang Bộ,Staircase,Thang Bộ,10.817342523586,106.66475846114,17,poi-staircase,,+84 28 3848 5634,http://tansonnhatairport.vn/,24 Hours,available,
420364777777,T2,Ga Quốc Tế T2,420321697575,420322445959,F2 - Departure,2,Thang Bộ,Staircase,Thang Bộ,10.817404184689,106.66510175316,17,poi-staircase,,+84 28 3848 5634,http://tansonnhatairport.vn/,24 Hours,available,
420364777474,T2,Ga Quốc Tế T2,420321697575,420322445959,F2 - Departure,2,Thang Bộ,Staircase,Thang Bộ,10.816172825037,106.66468131823,17,poi-staircase,,+84 28 3848 5634,http://tansonnhatairport.vn/,24 Hours,available,
420364775252,T2,Ga Quốc Tế T2,420321697575,420322445959,F2 - Departure,2,Thang Bộ,Staircase,Thang Bộ,10.815840784528,106.66380803185,17,poi-staircase,,+84 28 3848 5634,http://tansonnhatairport.vn/,24 Hours,available,
420364798484,T2,Ga Quốc Tế T2,420321697575,420322445656,F0 - Arrival,0,Thang Bộ,Staircase,Thang Bộ,10.815822936599,106.66374509981,17,poi-staircase,,+84 28 3848 5634,http://tansonnhatairport.vn/,24 Hours,available,
420364799191,T2,Ga Quốc Tế T2,420321697575,420322445656,F0 - Arrival,0,Thang Bộ,Staircase,Thang Bộ,10.816189788932,106.66470808762,17,poi-staircase,,+84 28 3848 5634,http://tansonnhatairport.vn/,24 Hours,available,
420364790909,T2,Ga Quốc Tế T2,420321697575,420322445757,F3,3,Thang Bộ,Staircase,Thang Bộ,10.816158203245,106.66462201638,17,poi-staircase,,+84 28 3848 5634,http://tansonnhatairport.vn/,24 Hours,available,
420364712424,T2,Ga Quốc Tế T2,420321697575,420322445858,F1 - Gate,1,Thang Bộ,Staircase,Thang Bộ,10.815829909746,106.66375181791,17,poi-staircase,,+84 28 3848 5634,http://tansonnhatairport.vn/,24 Hours,available,
420364712525,T2,Ga Quốc Tế T2,420321697575,420322445858,F1 - Gate,1,Thang Bộ,Staircase,Thang Bộ,10.816182584296,106.66467685164,17,poi-staircase,,+84 28 3848 5634,http://tansonnhatairport.vn/,24 Hours,available,
420364713232,T2,Ga Quốc Tế T2,420321697575,420322445858,F1 - Gate,1,Thang Bộ,Staircase,Thang Bộ,10.816721374787,106.66312447402,17,poi-staircase,,+84 28 3848 5634,http://tansonnhatairport.vn/,24 Hours,available,
420364785656,T2,Ga Quốc Tế T2,420321697575,420322445858,F1 - Gate,1,Thang Cuốn,Escalator,Thang Cuốn,10.817134543096,106.66437000022,11,poi-escalator,,+84 28 3848 5634,http://tansonnhatairport.vn/,24 Hours,available,
420364787070,T2,Ga Quốc Tế T2,420321697575,420322445858,F1 - Gate,1,Thang Cuốn,Escalator,Thang Cuốn,10.817430419586,106.66514610724,11,poi-escalator,,+84 28 3848 5634,http://tansonnhatairport.vn/,24 Hours,available,
420364785050,T2,Ga Quốc Tế T2,420321697575,420322445858,F1 - Gate,1,Thang Cuốn,Escalator,Thang Cuốn,10.817238351247,106.66464338715,11,poi-escalator,,+84 28 3848 5634,http://tansonnhatairport.vn/,24 Hours,available,
420364785555,T2,Ga Quốc Tế T2,420321697575,420322445858,F1 - Gate,1,Thang Cuốn,Escalator,Thang Cuốn,10.817770239767,106.6658470468,11,poi-escalator,,+84 28 3848 5634,http://tansonnhatairport.vn/,24 Hours,available,
420364785252,T2,Ga Quốc Tế T2,420321697575,420322445858,F1 - Gate,1,Thang Cuốn,Escalator,Thang Cuốn,10.818023208622,106.66651326255,11,poi-escalator,,+84 28 3848 5634,http://tansonnhatairport.vn/,24 Hours,available,
420364783434,T2,Ga Quốc Tế T2,420321697575,420322445959,F2 - Departure,2,Thang Cuốn,Escalator,Thang Cuốn,10.815825049202,106.66376581849,11,poi-escalator,,+84 28 3848 5634,http://tansonnhatairport.vn/,24 Hours,available,
420364783333,T2,Ga Quốc Tế T2,420321697575,420322445959,F2 - Departure,2,Thang Cuốn,Escalator,Thang Cuốn,10.816160382926,106.66464546463,11,poi-escalator,,+84 28 3848 5634,http://tansonnhatairport.vn/,24 Hours,available,
420364783737,T2,Ga Quốc Tế T2,420321697575,420322445959,F2 - Departure,2,Thang Cuốn,Escalator,Thang Cuốn,10.815943044592,106.66200996389,11,poi-escalator,,+84 28 3848 5634,http://tansonnhatairport.vn/,24 Hours,available,
420364781414,T2,Ga Quốc Tế T2,420321697575,420322445959,F2 - Departure,2,Thang Cuốn,Escalator,Thang Cuốn,10.816443010546,106.66256846773,11,poi-escalator,,+84 28 3848 5634,http://tansonnhatairport.vn/,24 Hours,available,
420364781313,T2,Ga Quốc Tế T2,420321697575,420322445959,F2 - Departure,2,Thang Cuốn,Escalator,Thang Cuốn,10.816743005018,106.66335058136,11,poi-escalator,,+84 28 3848 5634,http://tansonnhatairport.vn/,24 Hours,available,
420364781818,T2,Ga Quốc Tế T2,420321697575,420322445959,F2 - Departure,2,Thang Cuốn,Escalator,Thang Cuốn,10.816932016034,106.66385697546,11,poi-escalator,,+84 28 3848 5634,http://tansonnhatairport.vn/,24 Hours,available,
420364781717,T2,Ga Quốc Tế T2,420321697575,420322445959,F2 - Departure,2,Thang Cuốn,Escalator,Thang Cuốn,10.817135774879,106.66438185335,11,poi-escalator,,+84 28 3848 5634,http://tansonnhatairport.vn/,24 Hours,available,
420364782121,T2,Ga Quốc Tế T2,420321697575,420322445959,F2 - Departure,2,Thang Cuốn,Escalator,Thang Cuốn,10.817425512903,106.66515392396,11,poi-escalator,,+84 28 3848 5634,http://tansonnhatairport.vn/,24 Hours,available,
420364775757,T2,Ga Quốc Tế T2,420321697575,420322445959,F2 - Departure,2,Thang Cuốn,Escalator,Thang Cuốn,10.816600880857,106.66298634292,11,poi-escalator,,+84 28 3848 5634,http://tansonnhatairport.vn/,24 Hours,available,
420364798989,T2,Ga Quốc Tế T2,420321697575,420322445656,F0 - Arrival,0,Thang Cuốn,Escalator,Thang Cuốn,10.816173590975,106.66466325543,11,poi-escalator,,+84 28 3848 5634,http://tansonnhatairport.vn/,24 Hours,available,
420364799595,T2,Ga Quốc Tế T2,420321697575,420322445656,F0 - Arrival,0,Thang Cuốn,Escalator,Thang Cuốn,10.815834828022,106.66378049546,11,poi-escalator,,+84 28 3848 5634,http://tansonnhatairport.vn/,24 Hours,available,
420364796363,T2,Ga Quốc Tế T2,420321697575,420322445656,F0 - Arrival,0,Thang Cuốn,Escalator,Thang Cuốn,10.816384189594,106.66382822903,11,poi-escalator,,+84 28 3848 5634,http://tansonnhatairport.vn/,24 Hours,available,
420364796161,T2,Ga Quốc Tế T2,420321697575,420322445656,F0 - Arrival,0,Thang Cuốn,Escalator,Thang Cuốn,10.816529479253,106.66426392935,11,poi-escalator,,+84 28 3848 5634,http://tansonnhatairport.vn/,24 Hours,available,
420364793636,T2,Ga Quốc Tế T2,420321697575,420322445656,F0 - Arrival,0,Thang Cuốn,Escalator,Thang Cuốn,10.816596720346,106.66298067925,11,poi-escalator,,+84 28 3848 5634,http://tansonnhatairport.vn/,24 Hours,available,
420364794747,T2,Ga Quốc Tế T2,420321697575,420322445656,F0 - Arrival,0,Thang Cuốn,Escalator,Thang Cuốn,10.817256461438,106.66468742424,11,poi-escalator,,+84 28 3848 5634,http://tansonnhatairport.vn/,24 Hours,available,
420364792626,T2,Ga Quốc Tế T2,420321697575,420322445656,F0 - Arrival,0,Thang Cuốn,Escalator,Thang Cuốn,10.817757266566,106.66586894674,11,poi-escalator,,+84 28 3848 5634,http://tansonnhatairport.vn/,24 Hours,available,
420364793030,T2,Ga Quốc Tế T2,420321697575,420322445757,F3,3,Thang Cuốn,Escalator,Thang Cuốn,10.816936959091,106.66384310449,11,poi-escalator,,+84 28 3848 5634,http://tansonnhatairport.vn/,24 Hours,available,
420364790606,T2,Ga Quốc Tế T2,420321697575,420322445757,F3,3,Thang Cuốn,Escalator,Thang Cuốn,10.816172015755,106.66466184847,11,poi-escalator,,+84 28 3848 5634,http://tansonnhatairport.vn/,24 Hours,available,
420364790404,T2,Ga Quốc Tế T2,420321697575,420322445757,F3,3,Thang Cuốn,Escalator,Thang Cuốn,10.815834808979,106.66377598538,11,poi-escalator,,+84 28 3848 5634,http://tansonnhatairport.vn/,24 Hours,available,
420364714343,T2,Ga Quốc Tế T2,420321697575,420322445858,F1 - Gate,1,Thang Cuốn,Escalator,Thang Cuốn,10.815843473617,106.66378748291,11,poi-escalator,,+84 28 3848 5634,http://tansonnhatairport.vn/,24 Hours,available,
420364714646,T2,Ga Quốc Tế T2,420321697575,420322445858,F1 - Gate,1,Thang Cuốn,Escalator,Thang Cuốn,10.81616620064,106.66463632514,11,poi-escalator,,+84 28 3848 5634,http://tansonnhatairport.vn/,24 Hours,available,
420364714545,T2,Ga Quốc Tế T2,420321697575,420322445858,F1 - Gate,1,Thang Cuốn,Escalator,Thang Cuốn,10.816383475532,106.66382140182,11,poi-escalator,,+84 28 3848 5634,http://tansonnhatairport.vn/,24 Hours,available,
420364715050,T2,Ga Quốc Tế T2,420321697575,420322445858,F1 - Gate,1,Thang Cuốn,Escalator,Thang Cuốn,10.816554882313,106.66425087297,11,poi-escalator,,+84 28 3848 5634,http://tansonnhatairport.vn/,24 Hours,available,
420364712626,T2,Ga Quốc Tế T2,420321697575,420322445858,F1 - Gate,1,Thang Cuốn,Escalator,Thang Cuốn,10.815932076767,106.66200436565,11,poi-escalator,,+84 28 3848 5634,http://tansonnhatairport.vn/,24 Hours,available,
420364712929,T2,Ga Quốc Tế T2,420321697575,420322445858,F1 - Gate,1,Thang Cuốn,Escalator,Thang Cuốn,10.816444574813,106.66255646066,11,poi-escalator,,+84 28 3848 5634,http://tansonnhatairport.vn/,24 Hours,available,
420364710909,T2,Ga Quốc Tế T2,420321697575,420322445858,F1 - Gate,1,Thang Cuốn,Escalator,Thang Cuốn,10.816602895082,106.66296726821,11,poi-escalator,,+84 28 3848 5634,http://tansonnhatairport.vn/,24 Hours,available,
420364711818,T2,Ga Quốc Tế T2,420321697575,420322445858,F1 - Gate,1,Thang Cuốn,Escalator,Thang Cuốn,10.816747821897,106.6633442024,11,poi-escalator,,+84 28 3848 5634,http://tansonnhatairport.vn/,24 Hours,available,
420364711717,T2,Ga Quốc Tế T2,420321697575,420322445858,F1 - Gate,1,Thang Cuốn,Escalator,Thang Cuốn,10.816945135764,106.66386816867,11,poi-escalator,,+84 28 3848 5634,http://tansonnhatairport.vn/,24 Hours,available,
420364785757,T2,Ga Quốc Tế T2,420321697575,420322445858,F1 - Gate,1,Thang Máy,Elevator,Thang Máy,10.817296874638,106.66478318856,9,poi-elevator,,+84 28 3848 5634,http://tansonnhatairport.vn/,24 Hours,available,
420364784545,T2,Ga Quốc Tế T2,420321697575,420322445858,F1 - Gate,1,Thang Máy,Elevator,Thang Máy,10.817189024522,106.66452673101,9,poi-elevator,,+84 28 3848 5634,http://tansonnhatairport.vn/,24 Hours,available,
420364782626,T2,Ga Quốc Tế T2,420321697575,420322445858,F1 - Gate,1,Thang Máy,Elevator,Thang Máy,10.816618095223,106.6629252644,9,poi-elevator,,+84 28 3848 5634,http://tansonnhatairport.vn/,24 Hours,available,
420364782828,T2,Ga Quốc Tế T2,420321697575,420322445858,F1 - Gate,1,Thang Máy,Elevator,Thang Máy,10.817375140806,106.66498492569,9,poi-elevator,,+84 28 3848 5634,http://tansonnhatairport.vn/,24 Hours,available,
420364782929,T2,Ga Quốc Tế T2,420321697575,420322445858,F1 - Gate,1,Thang Máy,Elevator,Thang Máy,10.816958647177,106.66381293378,9,poi-elevator,,+84 28 3848 5634,http://tansonnhatairport.vn/,24 Hours,available,
420364783535,T2,Ga Quốc Tế T2,420321697575,420322445959,F2 - Departure,2,Thang Máy,Elevator,Thang Máy,10.815795583143,106.66367862906,9,poi-elevator,,+84 28 3848 5634,http://tansonnhatairport.vn/,24 Hours,available,
420364783838,T2,Ga Quốc Tế T2,420321697575,420322445959,F2 - Departure,2,Thang Máy,Elevator,Thang Máy,10.816209114953,106.66476580451,9,poi-elevator,,+84 28 3848 5634,http://tansonnhatairport.vn/,24 Hours,available,
420364781010,T2,Ga Quốc Tế T2,420321697575,420322445959,F2 - Departure,2,Thang Máy,Elevator,Thang Máy,10.81604817433,106.66202057081,9,poi-elevator,,+84 28 3848 5634,http://tansonnhatairport.vn/,24 Hours,available,
420364781515,T2,Ga Quốc Tế T2,420321697575,420322445959,F2 - Departure,2,Thang Máy,Elevator,Thang Máy,10.816506329327,106.6627234733,9,poi-elevator,,+84 28 3848 5634,http://tansonnhatairport.vn/,24 Hours,available,
420364781919,T2,Ga Quốc Tế T2,420321697575,420322445959,F2 - Departure,2,Thang Máy,Elevator,Thang Máy,10.816949189551,106.66381775337,9,poi-elevator,,+84 28 3848 5634,http://tansonnhatairport.vn/,24 Hours,available,
420364782020,T2,Ga Quốc Tế T2,420321697575,420322445959,F2 - Departure,2,Thang Máy,Elevator,Thang Máy,10.817365644065,106.66498960554,9,poi-elevator,,+84 28 3848 5634,http://tansonnhatairport.vn/,24 Hours,available,
420364779797,T2,Ga Quốc Tế T2,420321697575,420322445959,F2 - Departure,2,Thang Máy,Elevator,Thang Máy,10.816670868889,106.66314731661,9,poi-elevator,,+84 28 3848 5634,http://tansonnhatairport.vn/,24 Hours,available,
420364780202,T2,Ga Quốc Tế T2,420321697575,420322445959,F2 - Departure,2,Thang Máy,Elevator,Thang Máy,10.816680173586,106.66318049073,9,poi-elevator,,+84 28 3848 5634,http://tansonnhatairport.vn/,24 Hours,available,
420364777979,T2,Ga Quốc Tế T2,420321697575,420322445959,F2 - Departure,2,Thang Máy,Elevator,Thang Máy,10.817289839761,106.6647883668,9,poi-elevator,,+84 28 3848 5634,http://tansonnhatairport.vn/,24 Hours,available,
420364776262,T2,Ga Quốc Tế T2,420321697575,420322445959,F2 - Departure,2,Thang Máy,Elevator,Thang Máy,10.816190178047,106.66204278809,9,poi-elevator,,+84 28 3848 5634,http://tansonnhatairport.vn/,24 Hours,available,
420364775555,T2,Ga Quốc Tế T2,420321697575,420322445959,F2 - Departure,2,Thang Máy,Elevator,Thang Máy,10.816611243316,106.66292490963,9,poi-elevator,,+84 28 3848 5634,http://tansonnhatairport.vn/,24 Hours,available,
420364798686,T2,Ga Quốc Tế T2,420321697575,420322445959,F2 - Departure,2,Thang Máy,Elevator,Thang Máy,10.816970308416,106.66387441835,9,poi-elevator,,+84 28 3848 5634,http://tansonnhatairport.vn/,24 Hours,available,
420364798787,T2,Ga Quốc Tế T2,420321697575,420322445959,F2 - Departure,2,Thang Máy,Elevator,Thang Máy,10.817190539539,106.66452466527,9,poi-elevator,,+84 28 3848 5634,http://tansonnhatairport.vn/,24 Hours,available,
420364798888,T2,Ga Quốc Tế T2,420321697575,420322445656,F0 - Arrival,0,Thang Máy,Elevator,Thang Máy,10.816214029713,106.66476400039,9,poi-elevator,,+84 28 3848 5634,http://tansonnhatairport.vn/,24 Hours,available,
420364799494,T2,Ga Quốc Tế T2,420321697575,420322445656,F0 - Arrival,0,Thang Máy,Elevator,Thang Máy,10.815800730822,106.66367798808,9,poi-elevator,,+84 28 3848 5634,http://tansonnhatairport.vn/,24 Hours,available,
420364796060,T2,Ga Quốc Tế T2,420321697575,420322445656,F0 - Arrival,0,Thang Máy,Elevator,Thang Máy,10.816484888151,106.66403525329,9,poi-elevator,,+84 28 3848 5634,http://tansonnhatairport.vn/,24 Hours,available,
420364794646,T2,Ga Quốc Tế T2,420321697575,420322445656,F0 - Arrival,0,Thang Máy,Elevator,Thang Máy,10.817201695244,106.66456452239,9,poi-elevator,,+84 28 3848 5634,http://tansonnhatairport.vn/,24 Hours,available,
420364792424,T2,Ga Quốc Tế T2,420321697575,420322445757,F3,3,Thang Máy,Elevator,Thang Máy,10.816956216024,106.66380605648,9,poi-elevator,,+84 28 3848 5634,http://tansonnhatairport.vn/,24 Hours,available,
420364792525,T2,Ga Quốc Tế T2,420321697575,420322445757,F3,3,Thang Máy,Elevator,Thang Máy,10.816975571727,106.66386368206,9,poi-elevator,,+84 28 3848 5634,http://tansonnhatairport.vn/,24 Hours,available,
420364793333,T2,Ga Quốc Tế T2,420321697575,420322445757,F3,3,Thang Máy,Elevator,Thang Máy,10.816192576001,106.66471694144,9,poi-elevator,,+84 28 3848 5634,http://tansonnhatairport.vn/,24 Hours,available,
420364790707,T2,Ga Quốc Tế T2,420321697575,420322445757,F3,3,Thang Máy,Elevator,Thang Máy,10.815795182045,106.66366310735,9,poi-elevator,,+84 28 3848 5634,http://tansonnhatairport.vn/,24 Hours,available,
420364714242,T2,Ga Quốc Tế T2,420321697575,420322445858,F1 - Gate,1,Thang Máy,Elevator,Thang Máy,10.815803588841,106.66367376494,9,poi-elevator,,+84 28 3848 5634,http://tansonnhatairport.vn/,24 Hours,available,
420364714747,T2,Ga Quốc Tế T2,420321697575,420322445858,F1 - Gate,1,Thang Máy,Elevator,Thang Máy,10.816219064965,106.66475877377,9,poi-elevator,,+84 28 3848 5634,http://tansonnhatairport.vn/,24 Hours,available,
420364715151,T2,Ga Quốc Tế T2,420321697575,420322445858,F1 - Gate,1,Thang Máy,Elevator,Thang Máy,10.816485238024,106.66403247077,9,poi-elevator,,+84 28 3848 5634,http://tansonnhatairport.vn/,24 Hours,available,
420364713131,T2,Ga Quốc Tế T2,420321697575,420322445858,F1 - Gate,1,Thang Máy,Elevator,Thang Máy,10.816056376436,106.66201110059,9,poi-elevator,,+84 28 3848 5634,http://tansonnhatairport.vn/,24 Hours,available,
420364712828,T2,Ga Quốc Tế T2,420321697575,420322445858,F1 - Gate,1,Thang Máy,Elevator,Thang Máy,10.816197206948,106.66203847274,9,poi-elevator,,+84 28 3848 5634,http://tansonnhatairport.vn/,24 Hours,available,
420364713434,T2,Ga Quốc Tế T2,420321697575,420322445858,F1 - Gate,1,Thang Máy,Elevator,Thang Máy,10.816512329114,106.66271404366,9,poi-elevator,,+84 28 3848 5634,http://tansonnhatairport.vn/,24 Hours,available,
420364713535,T2,Ga Quốc Tế T2,420321697575,420322445858,F1 - Gate,1,Thang Máy,Elevator,Thang Máy,10.816677585632,106.66314100733,9,poi-elevator,,+84 28 3848 5634,http://tansonnhatairport.vn/,24 Hours,available,
420364711616,T2,Ga Quốc Tế T2,420321697575,420322445858,F1 - Gate,1,Thang Máy,Elevator,Thang Máy,10.8169773061,106.66386539216,9,poi-elevator,,+84 28 3848 5634,http://tansonnhatairport.vn/,24 Hours,available,
420364779494,T2,Ga Quốc Tế T2,420321697575,420322445959,F2 - Departure,2,Thủ Tục Xuất Nhập Cảnh,Immigration Procedures,Thủ Tục Xuất Nhập Cảnh,10.816590264237,106.66398193048,42,poi-passport-control,,+84 28 3848 5634,http://tansonnhatairport.vn/,24 Hours,available,
420364714848,T2,Ga Quốc Tế T2,420321697575,420322445858,F1 - Gate,1,Thủ Tục Xuất Nhập Cảnh,Immigration Procedures,Thủ Tục Xuất Nhập Cảnh,10.816565916967,106.6639735001,42,poi-passport-control,,+84 28 3848 5634,http://tansonnhatairport.vn/,24 Hours,available,
420364792727,T2,Ga Quốc Tế T2,420321697575,420322445757,F3,3,Thực Phẩm Và Đồ Uống,Food and Beverages,Thực Phẩm Và Đồ Uống,10.816931378694,106.66363120078,18,node-poi,"8,18",+84 28 3848 5634,http://tansonnhatairport.vn/,24 Hours,available,https://mapper-images-singapore.s3-ap-southeast-1.amazonaws.com/seedpoi/logos/company15/5872692141735028731.png
420364793131,T2,Ga Quốc Tế T2,420321697575,420322445757,F3,3,Thực Phẩm Và Đồ Uống,Food and Beverages,Thực Phẩm Và Đồ Uống,10.817074303057,106.66400201619,18,node-poi,8,+84 28 3848 5634,http://tansonnhatairport.vn/,24 Hours,available,https://mapper-images-singapore.s3-ap-southeast-1.amazonaws.com/seedpoi/logos/company15/5873018911735028731.png
420364714141,T2,Ga Quốc Tế T2,420321697575,420322445858,F1 - Gate,1,Thực Phẩm Và Đồ Uống,Food and Beverages,Thực Phẩm Và Đồ Uống,10.81611071491,106.66429907084,18,node-poi,8,+84 28 3848 5634,http://tansonnhatairport.vn/,24 Hours,available,https://mapper-images-singapore.s3-ap-southeast-1.amazonaws.com/seedpoi/logos/company15/579951491735028726.png
420364778686,T2,Ga Quốc Tế T2,420321697575,420322445959,F2 - Departure,2,Tumi,Tumi,Tumi,10.816742655472,106.66356214698,18,node-poi,,+84 28 3848 5634,http://tansonnhatairport.vn/,24 Hours,available,https://mapper-images-singapore.s3-ap-southeast-1.amazonaws.com/seedpoi/logos/company15/17286563811735028728.png
420364782222,T2,Ga Quốc Tế T2,420321697575,420322445959,F2 - Departure,2,Y Tế Sân Bay,Airport Medical Services,Y Tế Sân Bay,10.817201667494,106.66456818508,6,poi-medical,,+84 28 3848 5634,http://tansonnhatairport.vn/,24 Hours,available,
420364799292,T2,Ga Quốc Tế T2,420321697575,420322445656,F0 - Arrival,0,Y Tế Sân Bay,Airport Medical Services,Y Tế Sân Bay,10.815793414154,106.66377820724,6,poi-medical,,+84 28 3848 5634,http://tansonnhatairport.vn/,24 Hours,available,
