Node_ID,Venue_ID,Floor_ID,Tầng,Lat,Lng,Radius,Type,Weight
420367281414,420321697272,420322446262,F0 - Arrival|Checkin,10.813104782199,106.66176473093,1.2,1,1
420367281515,420321697272,420322446262,F0 - Arrival|Checkin,10.81310017168,106.66180697572,1.2,1,1
420367281212,420321697272,420322446262,F0 - Arrival|Checkin,10.813044845392,106.66180228186,1.2,1,1
420367281313,420321697272,420322446262,F0 - Arrival|Checkin,10.813040893514,106.66183580947,1.2,1,1
420367278686,420321697272,420322446262,F0 - Arrival|Checkin,10.813096549128,106.66184955579,1.2,1,1
420367278787,420321697272,420322446262,F0 - Arrival|Checkin,10.813320818066,106.6618720193,1.2,1,1
420367278484,420321697272,420322446262,F0 - Arrival|Checkin,10.813433513284,106.66188408923,1.2,1,1
420367278585,420321697272,420322446262,F0 - Arrival|Checkin,10.813542189763,106.66189481808,1.2,1,1
420367279090,420321697272,420322446262,F0 - Arrival|Checkin,10.813675236067,106.66191158188,1.2,1,1
420367279191,420321697272,420322446262,F0 - Arrival|Checkin,10.813756249387,106.6619196285,1.2,1,1
420367278888,420321697272,420322446262,F0 - Arrival|Checkin,10.813773374144,106.66175869596,1.2,1,1
420367278989,420321697272,420322446262,F0 - Arrival|Checkin,10.814011144789,106.66188341869,1.2,1,1
420367279494,420321697272,420322446262,F0 - Arrival|Checkin,10.814067129538,106.66196053219,1.2,1,1
420367279595,420321697272,420322446262,F0 - Arrival|Checkin,10.814171853927,106.66197461378,1.2,1,1
420367279292,420321697272,420322446262,F0 - Arrival|Checkin,10.814075033267,106.66231190158,1.2,1,1
420367279393,420321697272,420322446262,F0 - Arrival|Checkin,10.813964381048,106.66230117274,1.2,1,1
420367279898,420321697272,420322446262,F0 - Arrival|Checkin,10.813955160028,106.66240577889,1.2,1,1
420367279999,420321697272,420322446262,F0 - Arrival|Checkin,10.814064494963,106.66241583716,1.2,1,1
420367279696,420321697272,420322446262,F0 - Arrival|Checkin,10.814129700724,106.6624225427,1.2,1,1
420367279797,420321697272,420322446262,F0 - Arrival|Checkin,10.813872170838,106.66239773227,1.2,1,1
420367277070,420321697272,420322446262,F0 - Arrival|Checkin,10.813866901682,106.66248892737,1.2,1,1
420367277171,420321697272,420322446262,F0 - Arrival|Checkin,10.814120479708,106.6625137378,1.2,1,1
420367276868,420321697272,420322446262,F0 - Arrival|Checkin,10.813992044107,106.66250233842,1.2,1,1
420367276969,420321697272,420322446262,F0 - Arrival|Checkin,10.814218458356,106.66245151053,1.2,1,1
420367277474,420321697272,420322446262,F0 - Arrival|Checkin,10.814350187078,106.66237305592,1.2,1,1
420367277575,420321697272,420322446262,F0 - Arrival|Checkin,10.814340307425,106.66246022771,1.2,1,1
420367277272,420321697272,420322446262,F0 - Arrival|Checkin,10.814422637842,106.66237976144,1.2,1,1
420367277373,420321697272,420322446262,F0 - Arrival|Checkin,10.814523410247,106.66238914918,1.2,1,1
420367277878,420321697272,420322446262,F0 - Arrival|Checkin,10.814580053545,106.66233885775,1.2,1,1
420367277979,420321697272,420322446262,F0 - Arrival|Checkin,10.814589274546,106.66211656969,1.2,1,1
420367277676,420321697272,420322446262,F0 - Arrival|Checkin,10.814583346764,106.66223827491,1.2,1,1
420367277777,420321697272,420322446262,F0 - Arrival|Checkin,10.814661725258,106.66224498044,1.2,1,1
420367278282,420321697272,420322446262,F0 - Arrival|Checkin,10.814784891428,106.66235293935,1.2,1,1
420367278383,420321697272,420322446262,F0 - Arrival|Checkin,10.814800040205,106.66220139454,1.2,1,1
420367278080,420321697272,420322446262,F0 - Arrival|Checkin,10.814997632875,106.66236903261,1.2,1,1
420367278181,420321697272,420322446262,F0 - Arrival|Checkin,10.815127385324,106.66238244366,1.2,1,1
420367275454,420321697272,420322446262,F0 - Arrival|Checkin,10.815022661271,106.66237171482,1.2,1,1
420367275555,420321697272,420322446262,F0 - Arrival|Checkin,10.814919254465,106.66236366819,1.2,1,1
420367275252,420321697272,420322446262,F0 - Arrival|Checkin,10.81479477107,106.66225772093,1.2,1,1
420367275353,420321697272,420322446262,F0 - Arrival|Checkin,10.815110260639,106.66228588413,1.2,1,1
420367275858,420321697272,420322446262,F0 - Arrival|Checkin,10.815120140266,106.66219267736,1.2,1,1
420367275959,420321697272,420322446262,F0 - Arrival|Checkin,10.815114871131,106.66224363934,1.2,1,1
420367275656,420321697272,420322446262,F0 - Arrival|Checkin,10.815147803218,106.66210181754,1.2,1,1
420367275757,420321697272,420322446262,F0 - Arrival|Checkin,10.815065802316,106.66209175925,1.2,1,1
420367276262,420321697272,420322446262,F0 - Arrival|Checkin,10.814971945834,106.66208505373,1.2,1,1
420367276363,420321697272,420322446262,F0 - Arrival|Checkin,10.814878418647,106.6620770071,1.2,1,1
420367276060,420321697272,420322446262,F0 - Arrival|Checkin,10.814816176944,106.66206996631,1.2,1,1
420367276161,420321697272,420322446262,F0 - Arrival|Checkin,10.814560294262,106.66252795349,1.2,1,1
420367276666,420321697272,420322446262,F0 - Arrival|Checkin,10.81468280183,106.66253935289,1.2,1,1
420367276767,420321697272,420322446262,F0 - Arrival|Checkin,10.814936287044,106.66226906471,1.2,1,1
420367276464,420321697272,420322446262,F0 - Arrival|Checkin,10.812631725247,106.66199056041,1.2,1,1
420367276565,420321697272,420322446262,F0 - Arrival|Checkin,10.812623162832,106.66211796534,1.2,1,1
420367273838,420321697272,420322446262,F0 - Arrival|Checkin,10.812684417019,106.66233120096,1.2,1,1
420367273939,420321697272,420322446262,F0 - Arrival|Checkin,10.812603403418,106.66232248378,1.2,1,1
420367273636,420321697272,420322446262,F0 - Arrival|Checkin,10.812742296924,106.66233849454,1.2,1,1
420367273737,420321697272,420322446262,F0 - Arrival|Checkin,10.812804209738,106.6623445295,1.2,1,1
420367274242,420321697272,420322446262,F0 - Arrival|Checkin,10.81292276614,106.66211520063,1.2,1,1
420367274343,420321697272,420322446262,F0 - Arrival|Checkin,10.812978081846,106.66224407898,1.2,1,1
420367274040,420321697272,420322446262,F0 - Arrival|Checkin,10.813020366942,106.66224877285,1.2,1,1
420367274141,420321697272,420322446262,F0 - Arrival|Checkin,10.812955160946,106.66208515809,1.2,1,1
420367274646,420321697272,420322446262,F0 - Arrival|Checkin,10.812951867719,106.66211868571,1.2,1,1
420367274747,420321697272,420322446262,F0 - Arrival|Checkin,10.813063837605,106.6622521256,1.2,1,1
420367274444,420321697272,420322446262,F0 - Arrival|Checkin,10.813110601482,106.66225681947,1.2,1,1
420367274545,420321697272,420322446262,F0 - Arrival|Checkin,10.813177124735,106.66226352499,1.2,1,1
420367275050,420321697272,420322446262,F0 - Arrival|Checkin,10.813287777246,106.66227224217,1.2,1,1
420367275151,420321697272,420322446262,F0 - Arrival|Checkin,10.813350348587,106.66227760659,1.2,1,1
420367274848,420321697272,420322446262,F0 - Arrival|Checkin,10.81351500995,106.66228766488,1.2,1,1
420367274949,420321697272,420322446262,F0 - Arrival|Checkin,10.81348866414,106.66228498267,1.2,1,1
420367272222,420321697272,420322446262,F0 - Arrival|Checkin,10.813572312085,106.66210795687,1.2,1,1
420367272323,420321697272,420322446262,F0 - Arrival|Checkin,10.813562432407,106.6622212802,1.2,1,1
420367272020,420321697272,420322446262,F0 - Arrival|Checkin,10.813552552725,106.66228967653,1.2,1,1
420367272121,420321697272,420322446262,F0 - Arrival|Checkin,10.813097428562,106.66235270844,1.2,1,1
420367272626,420321697272,420322446262,F0 - Arrival|Checkin,10.813293705058,106.66237148391,1.2,1,1
420367272727,420321697272,420322446262,F0 - Arrival|Checkin,10.813409626695,106.66238087163,1.2,1,1
420367272424,420321697272,420322446262,F0 - Arrival|Checkin,10.813395795133,106.6625035827,1.2,1,1
420367272525,420321697272,420322446262,F0 - Arrival|Checkin,10.813420823666,106.66227961825,1.2,1,1
420367273030,420321697272,420322446262,F0 - Arrival|Checkin,10.813450299819,106.66238405857,1.2,1,1
420367273131,420321697272,420322446262,F0 - Arrival|Checkin,10.813564163453,106.66243233833,1.2,1,1
420367272828,420321697272,420322446262,F0 - Arrival|Checkin,10.8135679836,106.66236461255,1.2,1,1
420367272929,420321697272,420322446262,F0 - Arrival|Checkin,10.813648667619,106.66222983155,1.2,1,1
420367273434,420321697272,420322446262,F0 - Arrival|Checkin,10.813632860141,106.66237031224,1.2,1,1
420367273535,420321697272,420322446262,F0 - Arrival|Checkin,10.813764027762,106.66238573494,1.2,1,1
420367273232,420321697272,420322446262,F0 - Arrival|Checkin,10.813501557726,106.66238875243,1.2,1,1
420367273333,420321697272,420322446262,F0 - Arrival|Checkin,10.813759878303,106.66245077853,1.2,1,1
420367270606,420321697272,420322446262,F0 - Arrival|Checkin,10.814005786762,106.66195445902,1.2,1,1
420367270707,420321697272,420322446262,F0 - Arrival|Checkin,10.814513717859,106.66247819985,1.2,1,1
420367270404,420321697272,420322446262,F0 - Arrival|Checkin,10.814462343695,106.66238365199,1.2,1,1
420367270505,420321697272,420322446262,F0 - Arrival|Checkin,10.812828972836,106.66209495399,1.2,1,1
420367271010,420321697272,420322446262,F0 - Arrival|Checkin,10.812818434487,106.66220593039,1.2,1,1
420367271111,420321697272,420322446262,F0 - Arrival|Checkin,10.814454215817,106.66247168811,1.2,1,1
420367270808,420321697272,420322446262,F0 - Arrival|Checkin,10.814300740223,106.6622072837,1.2,1,1
420367270909,420321697272,420322446262,F0 - Arrival|Checkin,10.813432606485,106.66216483079,1.2,1,1
420367271414,420321697272,420322446262,F0 - Arrival|Checkin,10.813426678675,106.66222115717,1.2,1,1
420367271515,420321697272,420322446262,F0 - Arrival|Checkin,10.814748040061,106.66185139369,1.2,1,1
420367271212,420321697272,420322446262,F0 - Arrival|Checkin,10.814699959149,106.66184669983,1.2,2,1
420367271313,420321697272,420322446262,F0 - Arrival|Checkin,10.814677306719,106.66205529925,1.2,1,1
420367271818,420321697272,420322446262,F0 - Arrival|Checkin,10.812912747066,106.66223681112,1.2,1,1
420367271919,420321697272,420322446262,F0 - Arrival|Checkin,10.813229014684,106.66226765652,1.2,1,1
420367271616,420321697272,420322446262,F0 - Arrival|Checkin,10.813235827875,106.66236689825,1.2,1,1
420367271717,420321697272,420322446262,F0 - Arrival|Checkin,10.814572797959,106.66239463179,1.2,1,1
420367345959,420321697272,420322446262,F0 - Arrival|Checkin,10.814552397716,106.66261723389,1.2,1,1
420367345656,420321697272,420322446262,F0 - Arrival|Checkin,10.813671491412,106.66244215229,1.2,1,1
420367345757,420321697272,420322446262,F0 - Arrival|Checkin,10.813677419216,106.66237643816,1.2,1,1
420367346262,420321697272,420322446262,F0 - Arrival|Checkin,10.813983785351,106.66259980363,1.2,4,1
420367346363,420321697272,420322446262,F0 - Arrival|Checkin,10.814547584297,106.66265411835,1.2,4,1
420367346060,420321697272,420322446262,F0 - Arrival|Checkin,10.81398869447,106.66256636526,1.2,1,1
420367346161,420321697272,420322446363,F1 - Departure,10.81273134894,106.66165465105,1.2,1,1
420367346666,420321697272,420322446363,F1 - Departure,10.812723181722,106.6617719977,1.2,1,1
420367346767,420321697272,420322446363,F1 - Departure,10.812719229839,106.6618618517,1.2,1,1
420367346464,420321697272,420322446363,F1 - Departure,10.81292867952,106.66188129772,1.2,1,1
420367347070,420321697272,420322446363,F1 - Departure,10.812935924632,106.6621005683,1.2,1,1
420367347171,420321697272,420322446363,F1 - Departure,10.812843055454,106.66210526216,1.2,1,1
420367346868,420321697272,420322446363,F1 - Departure,10.81278368149,106.6621005683,1.2,1,1
420367346969,420321697272,420322446363,F1 - Departure,10.81276523937,106.66225613643,1.2,1,1
420367344343,420321697272,420322446363,F1 - Departure,10.812709254378,106.66197048116,1.2,1,1
420367344040,420321697272,420322446363,F1 - Departure,10.812837690523,106.66198322166,1.2,1,1
420367344141,420321697272,420322446363,F1 - Departure,10.81281002736,106.66166234592,1.2,1,1
420367344646,420321697272,420322446363,F1 - Departure,10.812947025866,106.66167776862,1.2,1,1
420367344747,420321697272,420322446363,F1 - Departure,10.81294241534,106.66174080053,1.2,1,1
420367344444,420321697272,420322446363,F1 - Departure,10.812938463461,106.66179712692,1.2,1,1
420367344545,420321697272,420322446363,F1 - Departure,10.812997741649,106.66183736006,1.2,1,1
420367345050,420321697272,420322446363,F1 - Departure,10.813040553657,106.66184272448,1.2,1,1
420367345151,420321697272,420322446363,F1 - Departure,10.813105100989,106.66168849745,1.2,1,1
420367344848,420321697272,420322446363,F1 - Departure,10.813085341608,106.66184674779,1.2,1,1
420367344949,420321697272,420322446363,F1 - Departure,10.813189407687,106.66181925514,1.2,1,1
420367345454,420321697272,420322446363,F1 - Departure,10.813293144414,106.66183132509,1.2,1,1
420367345555,420321697272,420322446363,F1 - Departure,10.81323650087,106.66182461956,1.2,1,1
420367345252,420321697272,420322446363,F1 - Departure,10.813348141328,106.66183601895,1.2,1,1
420367345353,420321697272,420322446363,F1 - Departure,10.813476574513,106.66184909472,1.2,1,1
420367342626,420321697272,420322446363,F1 - Departure,10.81341894304,106.66184171865,1.2,1,1
420367342727,420321697272,420322446363,F1 - Departure,10.81338205889,106.66183903643,1.2,1,1
420367342424,420321697272,420322446363,F1 - Departure,10.813328379273,106.66170928458,1.2,1,1
420367342525,420321697272,420322446363,F1 - Departure,10.813639259873,106.66174012998,1.2,1,1
420367343030,420321697272,420322446363,F1 - Departure,10.813733446093,106.66175287047,1.2,1,1
420367342828,420321697272,420322446363,F1 - Departure,10.813819486592,106.66187310816,1.2,1,1
420367342929,420321697272,420322446363,F1 - Departure,10.813722907776,106.66186887602,1.2,1,1
420367343232,420321697272,420322446363,F1 - Departure,10.813868745593,106.66199213412,1.2,1,1
420367343333,420321697272,420322446363,F1 - Departure,10.81386611102,106.66207796481,1.2,1,1
420367343939,420321697272,420322446363,F1 - Departure,10.813933951391,106.66208467033,1.2,1,1
420367343636,420321697272,420322446363,F1 - Departure,10.813811443523,106.66207461205,1.2,1,1
420367343737,420321697272,420322446363,F1 - Departure,10.813799587918,106.66222950962,1.2,1,1
420367341010,420321697272,420322446363,F1 - Departure,10.813720550545,106.66222213355,1.2,1,1
420367341111,420321697272,420322446363,F1 - Departure,10.813969462875,106.66224781928,1.2,1,1
420367340808,420321697272,420322446363,F1 - Departure,10.814078797803,106.66225854812,1.2,1,1
420367340909,420321697272,420322446363,F1 - Departure,10.814045865601,106.6622558659,1.2,1,1
420367341212,420321697272,420322446363,F1 - Departure,10.814119633732,106.66183811185,1.2,1,1
420367341313,420321697272,420322446363,F1 - Departure,10.813958265923,106.66187499222,1.2,1,1
420367341818,420321697272,420322446363,F1 - Departure,10.814069576791,106.6618823683,1.2,1,1
420367341919,420321697272,420322446363,F1 - Departure,10.81416744434,106.66184280571,1.2,1,1
420367341616,420321697272,420322446363,F1 - Departure,10.814211573473,106.66184749958,1.2,1,1
420367341717,420321697272,420322446363,F1 - Departure,10.81435515778,106.66186024007,1.2,1,1
420367342222,420321697272,420322446363,F1 - Departure,10.814339350332,106.66202318427,1.2,1,1
420367342323,420321697272,420322446363,F1 - Departure,10.814504011154,106.66204263028,1.2,1,1
420367342020,420321697272,420322446363,F1 - Departure,10.814500059295,106.66209627447,1.2,1,1
420367342121,420321697272,420322446363,F1 - Departure,10.814496766078,106.66213583705,1.2,1,1
420367339494,420321697272,420322446363,F1 - Departure,10.814487545074,106.66223172603,1.2,1,1
420367339595,420321697272,420322446363,F1 - Departure,10.814480958649,106.66229811069,1.2,1,1
420367339292,420321697272,420322446363,F1 - Departure,10.814662744098,106.66231286286,1.2,1,1
420367339393,420321697272,420322446363,F1 - Departure,10.81467064781,106.66223440824,1.2,1,1
420367339898,420321697272,420322446363,F1 - Departure,10.814705555875,106.66195478795,1.2,1,1
420367339999,420321697272,420322446363,F1 - Departure,10.814729925656,106.6619567996,1.2,1,1
420367339696,420321697272,420322446363,F1 - Departure,10.814739146647,106.66186895725,1.2,1,1
420367339797,420321697272,420322446363,F1 - Departure,10.814616639107,106.66194472966,1.2,1,1
420367340303,420321697272,420322446363,F1 - Departure,10.814498083365,106.66179586706,1.2,1,1
420367340000,420321697272,420322446363,F1 - Departure,10.812799720766,106.66177994934,1.2,1,1
420367340101,420321697272,420322446363,F1 - Departure,10.812845167394,106.66207298067,1.2,1,1
420367340606,420321697272,420322446363,F1 - Departure,10.81461885426,106.66187978544,1.2,1,1
420367340707,420321697272,420322446363,F1 - Departure,10.813257364244,106.66170282906,1.2,1,1
420367340404,420321697272,420322446363,F1 - Departure,10.813177668085,106.66169478245,1.2,1,1
420367340505,420321697272,420322446363,F1 - Departure,10.813393668445,106.66171511049,1.2,1,1
420367337878,420321697272,420322446363,F1 - Departure,10.814279527491,106.66185322592,1.2,1,1
420367337979,420321697272,420322446363,F1 - Departure,10.814359882,106.66178013571,1.2,1,1
420367337676,420321697272,420322446363,F1 - Departure,10.814284137997,106.66177477129,1.2,1,1
420367337777,420321697272,420322446363,F1 - Departure,10.813089453022,106.66180770541,1.2,1,1
420367338383,420321697272,420322446363,F1 - Departure,10.813805427233,106.6621627519,1.2,1,1
420367338080,420321697272,420322446363,F1 - Departure,10.814696602077,106.6620113606,1.2,1,1
420367338181,420321697272,420322446363,F1 - Departure,10.81469265022,106.66206366367,1.2,1,1
420367338686,420321697272,420322446363,F1 - Departure,10.814688698365,106.66211194344,1.2,1,1
420367338787,420321697272,420322446363,F1 - Departure,10.814091402249,106.66211300394,1.2,1,1
420367338484,420321697272,420322446363,F1 - Departure,10.814086791741,106.66217536529,1.2,1,1
420367338585,420321697272,420322446363,F1 - Departure,10.813609933093,106.66220822236,1.2,1,1
420367339090,420321697272,420322446363,F1 - Departure,10.813592149676,106.66220688125,1.2,1,1
420367339191,420321697272,420322446363,F1 - Departure,10.813524309223,106.66219816407,1.2,1,1
420367338888,420321697272,420322446363,F1 - Departure,10.813455151463,106.66219347021,1.2,1,1
420367338989,420321697272,420322446363,F1 - Departure,10.81337677265,106.66218542358,1.2,1,1
420367336262,420321697272,420322446363,F1 - Departure,10.813295100588,106.66217804751,1.2,1,1
420367336363,420321697272,420322446363,F1 - Departure,10.813217380378,106.66217067142,1.2,1,1
420367336060,420321697272,420322446363,F1 - Departure,10.813138342857,106.66216463646,1.2,1,1
420367336161,420321697272,420322446363,F1 - Departure,10.813065233131,106.66215726038,1.2,1,1
420367336666,420321697272,420322446363,F1 - Departure,10.812983560982,106.66214921376,1.2,1,1
420367336464,420321697272,420322446363,F1 - Departure,10.813702143388,106.66174889406,1.2,1,1
420367336565,420321697272,420322446363,F1 - Departure,10.813894467626,106.66176766952,1.2,1,1
420367337070,420321697272,420322446363,F1 - Departure,10.81388327067,106.66187562843,1.2,2,1
420367336868,420321697272,420322446363,F1 - Departure,10.814346105731,106.66194795053,1.2,1,1
420367336969,420321697272,420322446363,F1 - Departure,10.813807992572,106.662118232,1.2,1,1
420269323434,420321697272,420322446262,F0 - Arrival|Checkin,10.813762032345,106.66186095269,1.2,1,1
420269323535,420321697272,420322446262,F0 - Arrival|Checkin,10.814193444333,106.66197762879,1.2,1,1
420269853131,420321697272,420322446262,F0 - Arrival|Checkin,10.812616479348,106.66218191115,1.2,1,1
420269852828,420321697272,420322446363,F1 - Departure,10.812843280002,106.66209206246,1.2,1,1
420269852929,420321697272,420322446363,F1 - Departure,10.81293995142,106.66177303193,1.2,1,1
420269853434,420321697272,420322446363,F1 - Departure,10.812791097266,106.66186825034,1.2,1,1
420269853535,420321697272,420322446363,F1 - Departure,10.812935248531,106.66183232879,1.2,1,1
420273041616,420321697272,420322446363,F1 - Departure,10.81292535128,106.6622719225,1.2,1,1
420273041717,420321697272,420322446363,F1 - Departure,10.812937206919,106.66208953229,1.2,1,1
420273042222,420321697272,420322446363,F1 - Departure,10.812941488121,106.66204494056,1.2,1,1
420273042323,420321697272,420322446363,F1 - Departure,10.812917197089,106.66199055288,1.2,1,1
420273042020,420321697272,420322446363,F1 - Departure,10.812712780512,106.66192887475,1.2,1,1
420273042121,420321697272,420322446363,F1 - Departure,10.812737150451,106.66197380175,1.2,1,1
420273042626,420321697272,420322446363,F1 - Departure,10.812693679747,106.66176928331,1.2,1,1
420273042727,420321697272,420322446363,F1 - Departure,10.812725953452,106.66171765079,1.2,1,1
420273042424,420321697272,420322446363,F1 - Departure,10.81269763163,106.66165126612,1.2,1,1
420273042525,420321697272,420322446363,F1 - Departure,10.812701583512,106.66160298635,1.2,1,1
420273043030,420321697272,420322446363,F1 - Departure,10.812754933919,106.66160700967,1.2,1,1
420273043131,420321697272,420322446363,F1 - Departure,10.812831995601,106.66187187781,1.2,1,1
420273042828,420321697272,420322446363,F1 - Departure,10.812924206135,106.66193289806,1.2,1,1
420273042929,420321697272,420322446363,F1 - Departure,10.812812236198,106.66197983672,1.2,1,1
420273040202,420321697272,420322446363,F1 - Departure,10.812714097806,106.66190607597,1.2,1,1
420273040303,420321697272,420322446363,F1 - Departure,10.812944349091,106.66171698024,1.2,1,1
420273040000,420321697272,420322446363,F1 - Departure,10.813014824261,106.66172368576,1.2,1,1
420273040101,420321697272,420322446363,F1 - Departure,10.81305631898,106.66168479373,1.2,1,1
420273040606,420321697272,420322446363,F1 - Departure,10.813110986616,106.66164053728,1.2,1,1
420273040707,420321697272,420322446363,F1 - Departure,10.812964767133,106.66162645568,1.2,1,1
420273040404,420321697272,420322446363,F1 - Departure,10.81325865783,106.66165360345,1.2,1,1
420273040505,420321697272,420322446363,F1 - Departure,10.81339763207,106.66166768504,1.2,1,1
420273041010,420321697272,420322446363,F1 - Departure,10.813549031695,106.66168109929,1.2,1,1
420273041111,420321697272,420322446363,F1 - Departure,10.813668416422,106.66169249868,1.2,1,1
420273040808,420321697272,420322446363,F1 - Departure,10.813705959182,106.66169652199,1.2,1,1
420273040909,420321697272,420322446363,F1 - Departure,10.813663147263,106.6617427901,1.2,1,1
420273041414,420321697272,420322446363,F1 - Departure,10.813630623105,106.66186258693,1.2,1,1
420273041515,420321697272,420322446363,F1 - Departure,10.813320910722,106.66183387066,1.2,1,1
420273041212,420321697272,420322446363,F1 - Departure,10.813761076421,106.66187008048,1.2,1,1
420273041313,420321697272,420322446363,F1 - Departure,10.813735798455,106.66172296729,1.2,1,1
420273038686,420321697272,420322446363,F1 - Departure,10.81389782503,106.66173704889,1.2,1,1
420273038787,420321697272,420322446363,F1 - Departure,10.814001389494,106.66187719431,1.2,1,1
420273038484,420321697272,420322446363,F1 - Departure,10.814077149654,106.66183453824,1.2,1,1
420273038585,420321697272,420322446363,F1 - Departure,10.814085053383,106.66175541307,1.2,1,1
420273039090,420321697272,420322446363,F1 - Departure,10.814087029315,106.6617326143,1.2,1,1
420273039191,420321697272,420322446363,F1 - Departure,10.813986256763,106.66174468424,1.2,1,1
420273038888,420321697272,420322446363,F1 - Departure,10.813897998422,106.66171450939,1.2,1,1
420273038989,420321697272,420322446363,F1 - Departure,10.814112290927,106.66188738682,1.2,1,1
420273039494,420321697272,420322446363,F1 - Departure,10.814107021776,106.66194840707,1.2,1,1
420273039595,420321697272,420322446363,F1 - Departure,10.814096483472,106.66206374206,1.2,1,1
420273039292,420321697272,420322446363,F1 - Departure,10.814092462133,106.66209938742,1.2,1,1
420273039393,420321697272,420322446363,F1 - Departure,10.813984444497,106.66208932914,1.2,1,1
420273039898,420321697272,420322446363,F1 - Departure,10.814101024505,106.66201020397,1.2,1,1
420273039999,420321697272,420322446363,F1 - Departure,10.814079947897,106.66224623837,1.2,1,1
420273039696,420321697272,420322446363,F1 - Departure,10.813853572905,106.66223593072,1.2,1,1
420273039797,420321697272,420322446363,F1 - Departure,10.813937220749,106.66224397734,1.2,1,1
420273037070,420321697272,420322446363,F1 - Departure,10.813620577409,106.66209176198,1.2,1,1
420273037171,420321697272,420322446363,F1 - Departure,10.81422922336,106.66184901893,1.2,1,1
420273036868,420321697272,420322446363,F1 - Departure,10.814180483722,106.66176385879,1.2,1,1
420273036969,420321697272,420322446363,F1 - Departure,10.814286525357,106.6617511183,1.2,1,1
420273037474,420321697272,420322446363,F1 - Departure,10.814270059267,106.66199874399,1.2,1,1
420273037575,420321697272,420322446363,F1 - Departure,10.814500060712,106.66177094527,1.2,1,1
420273037272,420321697272,420322446363,F1 - Departure,10.814596881234,106.66180380233,1.2,1,1
420273037373,420321697272,420322446363,F1 - Departure,10.814632447948,106.66180581399,1.2,1,1
420273037878,420321697272,420322446363,F1 - Departure,10.814634423876,106.66178301521,1.2,1,1
420273037979,420321697272,420322446363,F1 - Departure,10.814662086873,106.66179776736,1.2,1,1
420273037676,420321697272,420322446363,F1 - Departure,10.814742441279,106.66180648454,1.2,1,1
420273037777,420321697272,420322446363,F1 - Departure,10.814492710073,106.66186951645,1.2,1,1
420273038282,420321697272,420322446363,F1 - Departure,10.814594954015,106.66183129497,1.2,1,1
420273038383,420321697272,420322446363,F1 - Departure,10.814589026229,106.66187689253,1.2,1,1
420273038080,420321697272,420322446363,F1 - Departure,10.814483102904,106.662275934,1.2,1,1
420273038181,420321697272,420322446363,F1 - Departure,10.814574654287,106.6623067794,1.2,1,1
420273009898,420321697272,420322446363,F1 - Departure,10.814684647639,106.66214450576,1.2,1,1
420273009999,420321697272,420322446363,F1 - Departure,10.814291698302,106.66201886576,1.2,1,1
420273009696,420321697272,420322446363,F1 - Departure,10.814335827418,106.66206982774,1.2,1,1
420273009797,420321697272,420322446363,F1 - Departure,10.814324630479,106.66218382162,1.2,1,1
420273010202,420321697272,420322446363,F1 - Departure,10.814273914926,106.66218113941,1.2,1,1
420273010303,420321697272,420322446363,F1 - Departure,10.814081165467,106.66178684541,1.2,1,1
420273010000,420321697272,420322446262,F0 - Arrival|Checkin,10.812611718523,106.66198862153,1.2,1,1
420273010101,420321697272,420322446262,F0 - Arrival|Checkin,10.81261237717,106.66222331482,1.2,1,1
420273010606,420321697272,420322446262,F0 - Arrival|Checkin,10.81281409529,106.66225719444,1.2,1,1
420273010707,420321697272,420322446262,F0 - Arrival|Checkin,10.812823974992,106.66214588277,1.2,1,1
420273010404,420321697272,420322446262,F0 - Arrival|Checkin,10.812917965879,106.66215634193,1.2,1,1
420273010505,420321697272,420322446262,F0 - Arrival|Checkin,10.813128440835,106.66213287261,1.2,1,1
420273011010,420321697272,420322446262,F0 - Arrival|Checkin,10.813243703884,106.66214494255,1.2,1,1
420273011111,420321697272,420322446262,F0 - Arrival|Checkin,10.813297712841,106.66214896586,1.2,1,1
420273010808,420321697272,420322446262,F0 - Arrival|Checkin,10.813308857538,106.66227434419,1.2,1,1
420273010909,420321697272,420322446262,F0 - Arrival|Checkin,10.813329275554,106.66227568529,1.2,1,1
420273008282,420321697272,420322446262,F0 - Arrival|Checkin,10.813439269363,106.66211207054,1.2,1,1
420273008080,420321697272,420322446262,F0 - Arrival|Checkin,10.813565247865,106.66218247853,1.2,1,1
420273008181,420321697272,420322446262,F0 - Arrival|Checkin,10.813322866348,106.66249763809,1.2,1,1
420273008686,420321697272,420322446262,F0 - Arrival|Checkin,10.813596912474,106.66236711642,1.2,1,1
420273008787,420321697272,420322446262,F0 - Arrival|Checkin,10.813591643313,106.6624348422,1.2,1,1
420273008484,420321697272,420322446262,F0 - Arrival|Checkin,10.813622599632,106.66243752441,1.2,1,1
420273008585,420321697272,420322446262,F0 - Arrival|Checkin,10.813680560389,106.66223233542,1.2,1,1
420273009090,420321697272,420322446262,F0 - Arrival|Checkin,10.814126197076,106.66245738438,1.2,1,1
420273009191,420321697272,420322446262,F0 - Arrival|Checkin,10.814346516648,106.66241044573,1.2,1,1
420273008888,420321697272,420322446262,F0 - Arrival|Checkin,10.814436090965,106.6622190837,1.2,1,1
420273008989,420321697272,420322446262,F0 - Arrival|Checkin,10.814391961864,106.66237733403,1.2,1,1
420273009494,420321697272,420322446262,F0 - Arrival|Checkin,10.814563867728,106.66248194018,1.2,1,1
420273009595,420321697272,420322446262,F0 - Arrival|Checkin,10.814732499799,106.66234984139,1.2,1,1
420273009292,420321697272,420322446262,F0 - Arrival|Checkin,10.814692269926,106.66246651748,1.2,1,1
420273009393,420321697272,420322446262,F0 - Arrival|Checkin,10.814719932918,106.66246785859,1.2,1,1
420273006666,420321697272,420322446262,F0 - Arrival|Checkin,10.814815063173,106.66235520581,1.2,1,1
420273006767,420321697272,420322446262,F0 - Arrival|Checkin,10.815008199211,106.66227542595,1.2,1,1
420273006464,420321697272,420322446262,F0 - Arrival|Checkin,10.815122689604,106.66216210262,1.2,1,1
420273006565,420321697272,420322446262,F0 - Arrival|Checkin,10.815176698222,106.66216545538,1.2,1,1
420273007070,420321697272,420322446262,F0 - Arrival|Checkin,10.815181967355,106.66210577623,1.2,1,1
420273007171,420321697272,420322446262,F0 - Arrival|Checkin,10.814770138816,106.66206487254,1.2,1,1
420273006868,420321697272,420322446262,F0 - Arrival|Checkin,10.814690374003,106.66194075007,1.2,1,1
420273006969,420321697272,420322446262,F0 - Arrival|Checkin,10.814104527776,106.66208402453,1.2,1,1
420273007474,420321697272,420322446262,F0 - Arrival|Checkin,10.814163147085,106.6620887184,1.2,1,1
420273007575,420321697272,420322446262,F0 - Arrival|Checkin,10.813896976367,106.66187451877,1.2,1,1
420273007272,420321697272,420322446262,F0 - Arrival|Checkin,10.8139048801,106.66177125372,1.2,1,1
420273007373,420321697272,420322446262,F0 - Arrival|Checkin,10.813952961139,106.66177594759,1.2,1,1
420273007878,420321697272,420322446262,F0 - Arrival|Checkin,10.81365352101,106.66190920879,1.2,1,1
420273007979,420321697272,420322446262,F0 - Arrival|Checkin,10.81303680843,106.6618704624,1.2,1,1
420273007676,420321697272,420322446262,F0 - Arrival|Checkin,10.813032856552,106.66191136609,1.2,1,1
420273007777,420321697272,420322446262,F0 - Arrival|Checkin,10.814116227291,106.66257411065,1.2,1,1
420273005050,420321697272,420322446262,F0 - Arrival|Checkin,10.81432851973,106.66259383701,1.2,1,1
420273005151,420321697272,420322446262,F0 - Arrival|Checkin,10.813753523415,106.66253818117,1.2,1,1
