POI_ID,Tên (Tiếng Việt),Tên (English),Tên gốc,Mã Tầng,Tên Tầng,Level,Vĩ độ (Lat),Kinh độ (Lng),Loại (Type),Danh mục (Category),Số điện thoại,Website,Giờ mở cửa,Trạng thái,Logo URL
420370496161,,,,420322446262,F0 - Arrival|Checkin,0,10.814515969431,106.66268831652,,,,,,available,
420364750101,+84 Bakery,+84 Bakery,+84 Bakery,420322446363,F1 - Departure,1,10.812703860191,106.66171552539,node-poi,8,+84 28 3848 5634,http://tansonnhatairport.vn/,24 Hours,available,https://mapper-images-singapore.s3-ap-southeast-1.amazonaws.com/seedpoi/logos/company15/23709031471735028758.png
420364758383,+84Cafe,+84Cafe,+84Cafe,420322446262,F0 - Arrival|Checkin,0,10.813665187566,106.66248144301,node-poi,8,+84 28 3848 5634,http://tansonnhatairport.vn/,24 Hours,available,https://mapper-images-singapore.s3-ap-southeast-1.amazonaws.com/seedpoi/logos/company15/23708613801735028756.png
420364756666,7 Colors,7 Colors,7 Colors,420322446363,F1 - Departure,1,10.813965100388,106.66181482235,node-poi,3,+84 28 3848 5634,http://tansonnhatairport.vn/,24 Hours,available,https://mapper-images-singapore.s3-ap-southeast-1.amazonaws.com/seedpoi/logos/company15/18582434881735028757.png
420364789696,Băng Chuyền Nhận Hành Lý,Baggage Claim,Băng Chuyền Nhận Hành Lý,420322446262,F0 - Arrival|Checkin,0,10.813330374432,106.66178280148,poi-baggage-claim,,+84 28 3848 5634,http://tansonnhatairport.vn/,24 Hours,available,
420364789797,Băng Chuyền Nhận Hành Lý,Baggage Claim,Băng Chuyền Nhận Hành Lý,420322446262,F0 - Arrival|Checkin,0,10.813664461131,106.6618162719,poi-baggage-claim,,+84 28 3848 5634,http://tansonnhatairport.vn/,24 Hours,available,
420364790202,Băng Chuyền Nhận Hành Lý,Baggage Claim,Băng Chuyền Nhận Hành Lý,420322446262,F0 - Arrival|Checkin,0,10.814084502394,106.66184616609,poi-baggage-claim,,+84 28 3848 5634,http://tansonnhatairport.vn/,24 Hours,available,
420364790303,Băng Chuyền Nhận Hành Lý,Baggage Claim,Băng Chuyền Nhận Hành Lý,420322446262,F0 - Arrival|Checkin,0,10.813445562561,106.66178867539,poi-baggage-claim,,+84 28 3848 5634,http://tansonnhatairport.vn/,24 Hours,available,
420364790000,Băng Chuyền Nhận Hành Lý,Baggage Claim,Băng Chuyền Nhận Hành Lý,420322446262,F0 - Arrival|Checkin,0,10.813553005567,106.66180162272,poi-baggage-claim,,+84 28 3848 5634,http://tansonnhatairport.vn/,24 Hours,available,
420364790101,Băng Chuyền Nhận Hành Lý,Baggage Claim,Băng Chuyền Nhận Hành Lý,420322446262,F0 - Arrival|Checkin,0,10.814203288844,106.66185501743,poi-baggage-claim,,+84 28 3848 5634,http://tansonnhatairport.vn/,24 Hours,available,
420364789595,banhmikep,banhmikep,banhmikep,420322446262,F0 - Arrival|Checkin,0,10.814824583171,106.66246621152,node-poi,"8,18",+84 28 3848 5634,http://tansonnhatairport.vn/,24 Hours,available,https://mapper-images-singapore.s3-ap-southeast-1.amazonaws.com/seedpoi/logos/company15/18562595621735028755.png
420364753939,Big Bowl,Big Bowl,Big Bowl,420322446363,F1 - Departure,1,10.81333135133,106.66196145804,node-poi,8,+84 28 3848 5634,http://bigbowl.com/,24 Hours,available,https://mapper-images-singapore.s3-ap-southeast-1.amazonaws.com/seedpoi/logos/company15/18583231771735028757.png
420364791818,Big Bowl,Big Bowl,Big Bowl,420322446262,F0 - Arrival|Checkin,0,10.814913707905,106.66247308452,node-poi,8,+84 28 3848 5634,http://tansonnhatairport.vn/,24 Hours,available,https://mapper-images-singapore.s3-ap-southeast-1.amazonaws.com/seedpoi/logos/company15/18561017691735028755.png
420364755252,Burger King,Burger King,Burger King,420322446363,F1 - Departure,1,10.814117664946,106.66236519814,node-poi,"8,18",+84 90 933 19 55,http://burgerking.dk/,5AM-9PM,available,https://mapper-images-singapore.s3-ap-southeast-1.amazonaws.com/seedpoi/logos/company15/18579518501735028757.png
420364788888,Bưu Điện,Post Office,Bưu Điện,420322446262,F0 - Arrival|Checkin,0,10.813600730788,106.66232820707,node-poi,20,+84 28 3848 5634,http://tansonnhatairport.vn/,24 Hours,available,https://mapper-images-singapore.s3-ap-southeast-1.amazonaws.com/seedpoi/logos/company15/18562240831735028755.png
420371693434,Cabin T5,Cabin T5,Cabin T5,420322446262,F0 - Arrival|Checkin,0,10.814205498481,106.66209501861,node-poi,,+84 28 3848 5634,http://tansonnhatairport.vn/,24 Hours,available,https://mapper-images-singapore.s3-ap-southeast-1.amazonaws.com/seedpoi/logos/company15/17490907712422412.png
420364756565,Calvin Klein Jeans,Calvin Klein Jeans,Calvin Klein Jeans,420322446363,F1 - Departure,1,10.813406570728,106.66196769207,node-poi,9,+84 28 3848 5634,https://www.calvinklein.com.br/,24 Hours,available,https://mapper-images-singapore.s3-ap-southeast-1.amazonaws.com/seedpoi/logos/company15/18582949171735028757.png
420364751010,Coffee & Cake,Coffee & Cake,Coffee & Cake,420322446363,F1 - Departure,1,10.814722225848,106.66211518129,node-poi,8,+84 28 3848 5634,http://tansonnhatairport.vn/,24 Hours,available,https://mapper-images-singapore.s3-ap-southeast-1.amazonaws.com/seedpoi/logos/company15/23474179051735028757.png
420364750303,Công ty TNHH TMDV Tư Vấn Trường Minh,Truong Minh Service Trading Consultant Company Limited,Công ty TNHH TMDV Tư Vấn Trường Minh,420322446363,F1 - Departure,1,10.814132224587,106.66217759865,node-poi,"1,3,8",+84 28 3848 5634,http://tansonnhatairport.vn/,24 Hours,available,https://mapper-images-singapore.s3-ap-southeast-1.amazonaws.com/seedpoi/logos/company15/23477082071735028758.png
420364748888,Crunchy Snacks,Crunchy Snacks,Crunchy Snacks,420322446363,F1 - Departure,1,10.81328885644,106.66226457334,node-poi,8,+84 28 3848 5634,http://tansonnhatairport.vn/,24 Hours,available,https://mapper-images-singapore.s3-ap-southeast-1.amazonaws.com/seedpoi/logos/company15/23475862341735028758.png
420364754141,Cửa 01-02,Gate 01-02,Cửa 01-02,420322446363,F1 - Departure,1,10.812761817003,106.66153751541,poi-gate,,+84 28 3848 5634,http://tansonnhatairport.vn/,24 Hours,available,
420364755050,Cửa 03,Gate 03,Cửa 03,420322446363,F1 - Departure,1,10.812977960142,106.66155766554,poi-gate,,+84 28 3848 5634,http://tansonnhatairport.vn/,24 Hours,available,
420364755151,Cửa 04,Gate 04,Cửa 04,420322446363,F1 - Departure,1,10.813123530094,106.66157029407,poi-gate,,+84 28 3848 5634,http://tansonnhatairport.vn/,24 Hours,available,
420364754848,Cửa 05,Gate 05,Cửa 05,420322446363,F1 - Departure,1,10.813265270706,106.66158492049,poi-gate,,+84 28 3848 5634,http://tansonnhatairport.vn/,24 Hours,available,
420364754949,Cửa 06,Gate 06,Cửa 06,420322446363,F1 - Departure,1,10.813402132338,106.66159624099,poi-gate,,+84 28 3848 5634,http://tansonnhatairport.vn/,24 Hours,available,
420364749797,Cửa 07,Gate 07,Cửa 07,420322446363,F1 - Departure,1,10.813557270849,106.66161222291,poi-gate,,+84 28 3848 5634,http://tansonnhatairport.vn/,24 Hours,available,
420364749696,Cửa 08,Gate 08,Cửa 08,420322446363,F1 - Departure,1,10.813720046736,106.66162678225,poi-gate,,+84 28 3848 5634,http://tansonnhatairport.vn/,24 Hours,available,
420364749999,Cửa 09,Gate 09,Cửa 09,420322446363,F1 - Departure,1,10.81391184736,106.66164569183,poi-gate,,+84 28 3848 5634,http://tansonnhatairport.vn/,24 Hours,available,
420364754747,Cửa 10,Gate 10,Cửa 10,420322446363,F1 - Departure,1,10.814094477275,106.66166283018,poi-gate,,+84 28 3848 5634,http://tansonnhatairport.vn/,24 Hours,available,
420364754444,Cửa 11,Gate 11,Cửa 11,420322446363,F1 - Departure,1,10.814245377434,106.66208666651,poi-gate,,+84 28 3848 5634,http://tansonnhatairport.vn/,24 Hours,available,
420364752222,Cửa 12,Gate 12,Cửa 12,420322446363,F1 - Departure,1,10.814299088039,106.66168212818,poi-gate,,+84 28 3848 5634,http://tansonnhatairport.vn/,24 Hours,available,
420364754646,Cửa 13,Gate 13,Cửa 13,420322446363,F1 - Departure,1,10.814515559401,106.66170149037,poi-gate,,+84 28 3848 5634,http://tansonnhatairport.vn/,24 Hours,available,
420364754545,Cửa 14,Gate 14,Cửa 14,420322446363,F1 - Departure,1,10.814668018772,106.6617152786,poi-gate,,+84 28 3848 5634,http://tansonnhatairport.vn/,24 Hours,available,
420364751212,Cửa 15,Gate 15,Cửa 15,420322446363,F1 - Departure,1,10.814816649707,106.66187844913,poi-gate,,+84 28 3848 5634,http://tansonnhatairport.vn/,24 Hours,available,
420364761010,Cửa 16,Gate 16,Cửa 16,420322446262,F0 - Arrival|Checkin,0,10.814803403411,106.66186546442,poi-gate,,+84 28 3848 5634,http://tansonnhatairport.vn/,24 Hours,available,
420364760909,Cửa 17,Gate 17,Cửa 17,420322446262,F0 - Arrival|Checkin,0,10.814783726246,106.66199897129,poi-gate,,+84 28 3848 5634,http://tansonnhatairport.vn/,24 Hours,available,
420364760808,Cửa 18,Gate 18,Cửa 18,420322446262,F0 - Arrival|Checkin,0,10.814884152766,106.66200812435,poi-gate,,+84 28 3848 5634,http://tansonnhatairport.vn/,24 Hours,available,
420364761111,Cửa 19,Gate 19,Cửa 19,420322446262,F0 - Arrival|Checkin,0,10.814983871165,106.66201523218,poi-gate,,+84 28 3848 5634,http://tansonnhatairport.vn/,24 Hours,available,
420364761414,Cửa 20,Gate 20,Cửa 20,420322446262,F0 - Arrival|Checkin,0,10.815072376177,106.66202746976,poi-gate,,+84 28 3848 5634,http://tansonnhatairport.vn/,24 Hours,available,
420364761515,Cửa 21,Gate 21,Cửa 21,420322446262,F0 - Arrival|Checkin,0,10.815153142123,106.66203865125,poi-gate,,+84 28 3848 5634,http://tansonnhatairport.vn/,24 Hours,available,
420364757171,Cửa 22,Gate 22,Cửa 22,420322446262,F0 - Arrival|Checkin,0,10.815231767483,106.66204624523,poi-gate,,+84 28 3848 5634,http://tansonnhatairport.vn/,24 Hours,available,
420364750202,Cửa Hàng Lưu Niệm Đặc Sản Quà Ba Miền Bắc Trung Nam,"Northern, Central, Southern Specialties Souvenir Shop",Cửa Hàng Lưu Niệm Đặc Sản Quà Ba Miền Bắc Trung Nam,420322446363,F1 - Departure,1,10.814137493738,106.66211590784,node-poi,"1,3,8",+84 28 3848 5634,http://tansonnhatairport.vn/,24 Hours,available,https://mapper-images-singapore.s3-ap-southeast-1.amazonaws.com/seedpoi/logos/company15/23476934631735028758.png
420364756464,Cửa Hàng Sasco,Sasco Shop,Cửa Hàng Sasco,420322446363,F1 - Departure,1,10.813733977576,106.66215174976,node-poi,3,+84 28 3844 8358,http://www.sasco.com.vn/,24 Hours,available,https://mapper-images-singapore.s3-ap-southeast-1.amazonaws.com/seedpoi/logos/company15/18582738811735028757.png
420364751414,Cửa Hàng Sasco,Sasco Shop,Cửa Hàng Sasco,420322446363,F1 - Departure,1,10.814305280008,106.66194367543,node-poi,"1,3",+84 28 3848 5634,http://tansonnhatairport.vn/,24 Hours,available,https://mapper-images-singapore.s3-ap-southeast-1.amazonaws.com/seedpoi/logos/company15/23474584151735028757.png
420364789090,Cửa Hàng Sasco,Sasco Shop,Cửa Hàng Sasco,420322446262,F0 - Arrival|Checkin,0,10.814637005243,106.66206613183,node-poi,3,+84 28 3848 5634,http://tansonnhatairport.vn/,24 Hours,available,https://mapper-images-singapore.s3-ap-southeast-1.amazonaws.com/seedpoi/logos/company15/18561765061735028755.png
420364749393,Cuisine de Saigon,Cuisine de Saigon,Cuisine de Saigon,420322446363,F1 - Departure,1,10.812616527769,106.66190489811,node-poi,"8,18",+84 28 3848 5634,http://tansonnhatairport.vn/,24 Hours,available,https://mapper-images-singapore.s3-ap-southeast-1.amazonaws.com/seedpoi/logos/company15/23476415951735028758.png
420364791919,Espress To Go,Espress To Go,Espress To Go,420322446262,F0 - Arrival|Checkin,0,10.813057904954,106.66229814291,node-poi,"8,18",+84 28 3848 5634,http://tansonnhatairport.vn/,24 Hours,available,https://mapper-images-singapore.s3-ap-southeast-1.amazonaws.com/seedpoi/logos/company15/18561464251735028755.png
420364773131,Fresh 2 Go,Fresh 2 Go,Fresh 2 Go,420322446363,F1 - Departure,1,10.813738834878,106.66207632248,node-poi,"8,18",+84 28 3848 5634,http://tansonnhatairport.vn/,24 Hours,available,https://mapper-images-singapore.s3-ap-southeast-1.amazonaws.com/seedpoi/logos/company15/23709277501735028758.png
420364761313,Ghế Công Cộng,Public Chair,Ghế Công Cộng,420322446262,F0 - Arrival|Checkin,0,10.812547891767,106.66221719994,poi-public-chair,,+84 28 3848 5634,http://tansonnhatairport.vn/,24 Hours,available,
420364758686,Ghế Công Cộng,Public Chair,Ghế Công Cộng,420322446262,F0 - Arrival|Checkin,0,10.813994110266,106.6624507458,poi-public-chair,,+84 28 3848 5634,http://tansonnhatairport.vn/,24 Hours,available,
420371693939,Ghế Công Cộng,Public Chair,Ghế Công Cộng,420322446262,F0 - Arrival|Checkin,0,10.814723875938,106.66194254044,poi-public-chair,,+84 28 3848 5634,http://tansonnhatairport.vn/,24 Hours,available,
420371694242,Ghế Công Cộng,Public Chair,Ghế Công Cộng,420322446262,F0 - Arrival|Checkin,0,10.812587587449,106.66236478444,poi-public-chair,,+84 28 3848 5634,http://tansonnhatairport.vn/,24 Hours,available,
420364752727,Ghế Công Cộng,Public Chair,Ghế Công Cộng,420322446363,F1 - Departure,1,10.813940593886,106.66217284014,poi-public-chair,,+84 28 3848 5634,http://tansonnhatairport.vn/,24 Hours,available,
420364758585,Hải Quan Và An Ninh Soi Chiếu,Customs And Sercurity,Hải Quan Và An Ninh Soi Chiếu,420322446262,F0 - Arrival|Checkin,0,10.814665798562,106.66235618366,poi-passport-control,,+84 28 3848 5634,http://tansonnhatairport.vn/,24 Hours,available,
420364753131,Hải Quan Và An Ninh Soi Chiếu,Customs And Sercurity,Hải Quan Và An Ninh Soi Chiếu,420322446363,F1 - Departure,1,10.812860928592,106.6622710328,poi-passport-control,,+84 28 3848 5634,http://tansonnhatairport.vn/,24 Hours,available,
420364749494,Health Supplements,Health Supplements,Health Supplements,420322446363,F1 - Departure,1,10.813132098703,106.66224915064,node-poi,,+84 28 3848 5634,http://tansonnhatairport.vn/,24 Hours,available,https://mapper-images-singapore.s3-ap-southeast-1.amazonaws.com/seedpoi/logos/company15/23476092351735028758.png
420364756262,Johnnie Walker,Johnnie Walker,Johnnie Walker,420322446363,F1 - Departure,1,10.814217676401,106.66179775097,node-poi,8,+84 28 3848 5634,http://tansonnhatairport.vn/,24 Hours,available,https://mapper-images-singapore.s3-ap-southeast-1.amazonaws.com/seedpoi/logos/company15/18581870501735028757.png
420364752828,Khu Vực Hút Thuốc,Smoking Area,Khu Vực Hút Thuốc,420322446363,F1 - Departure,1,10.814697205148,106.66230881207,poi-smoking,,+84 28 3848 5634,http://tansonnhatairport.vn/,24 Hours,available,
420364750000,Kid Stars,Kid Stars,Kid Stars,420322446363,F1 - Departure,1,10.812830509512,106.6620326966,node-poi,,+84 28 3848 5634,http://tansonnhatairport.vn/,24 Hours,available,https://mapper-images-singapore.s3-ap-southeast-1.amazonaws.com/seedpoi/logos/company15/23708896571735028758.png
420364789898,Kiểm Tra An Ninh,Security Check,Kiểm Tra An Ninh,420322446262,F0 - Arrival|Checkin,0,10.813960879908,106.66236627474,poi-baggage-check,,+84 28 3848 5634,http://tansonnhatairport.vn/,24 Hours,available,
420364789999,Kiểm Tra An Ninh,Security Check,Kiểm Tra An Ninh,420322446262,F0 - Arrival|Checkin,0,10.814067700385,106.66237414392,poi-baggage-check,,+84 28 3848 5634,http://tansonnhatairport.vn/,24 Hours,available,
420364756060,Kitchmate,Kitchmate,Kitchmate,420322446363,F1 - Departure,1,10.81412810084,106.66178970434,node-poi,11,+84 28 3848 5634,http://www.kitchmate.com.vn/,24 Hours,available,https://mapper-images-singapore.s3-ap-southeast-1.amazonaws.com/seedpoi/logos/company15/18582086571735028757.png
420364755656,Liquor Cofectionery,Liquor Cofectionery,Liquor Cofectionery,420322446363,F1 - Departure,1,10.814672846775,106.66187068799,node-poi,"3,8",+84 28 3848 5634,http://tansonnhatairport.vn/,24 Hours,available,https://mapper-images-singapore.s3-ap-southeast-1.amazonaws.com/seedpoi/logos/company15/18581315621735028757.png
420364749292,Liquors,Liquors,Liquors,420322446363,F1 - Departure,1,10.812982585998,106.6622357396,node-poi,"3,8",+84 28 3848 5634,http://tansonnhatairport.vn/,24 Hours,available,https://mapper-images-singapore.s3-ap-southeast-1.amazonaws.com/seedpoi/logos/company15/23476243281735028758.png
420364760606,Lối Ra Vào,Entrance,Lối Ra Vào,420322446262,F0 - Arrival|Checkin,0,10.813318032107,106.66255803181,poi-entrance-exit,,+84 28 3848 5634,http://tansonnhatairport.vn/,24 Hours,available,
420364760707,Lối Ra Vào,Entrance,Lối Ra Vào,420322446262,F0 - Arrival|Checkin,0,10.813983676624,106.66262519789,poi-entrance-exit,,+84 28 3848 5634,http://tansonnhatairport.vn/,24 Hours,available,
420364758282,Lối Ra Vào,Entrance,Lối Ra Vào,420322446262,F0 - Arrival|Checkin,0,10.81454588219,106.6626779588,poi-entrance-exit,,+84 28 3848 5634,http://tansonnhatairport.vn/,24 Hours,available,
420364757979,Lối Ra Vào D1,Entrance D1,Lối Ra Vào D1,420322446262,F0 - Arrival|Checkin,0,10.813104725759,106.66230409362,poi-entrance-exit,,+84 28 3848 5634,http://tansonnhatairport.vn/,24 Hours,available,
420364757676,Lối Ra Vào D2,Entrance D2,Lối Ra Vào D2,420322446262,F0 - Arrival|Checkin,0,10.813413586607,106.66233113549,poi-entrance-exit,,+84 28 3848 5634,http://tansonnhatairport.vn/,24 Hours,available,
420364748989,Loved by All,Loved by All,Loved by All,420322446363,F1 - Departure,1,10.813209818937,106.66225652671,node-poi,8,+84 28 3848 5634,http://tansonnhatairport.vn/,24 Hours,available,https://mapper-images-singapore.s3-ap-southeast-1.amazonaws.com/seedpoi/logos/company15/23475985001735028758.png
420364750909,Nhà Hàng Phố Chợ,Pho Cho Restaurant,Nhà Hàng Phố Chợ,420322446363,F1 - Departure,1,10.814574689865,106.66238675495,node-poi,"8,18",+84 28 3848 5634,http://tansonnhatairport.vn/,24 Hours,available,https://mapper-images-singapore.s3-ap-southeast-1.amazonaws.com/seedpoi/logos/company15/2347442281735028757.png
420364759292,Nhà Vệ Sinh,Restroom,Nhà Vệ Sinh,420322446262,F0 - Arrival|Checkin,0,10.813672104608,106.66198650527,poi-wc,,+84 28 3848 5634,http://tansonnhatairport.vn/,24 Hours,available,
420364759393,Nhà Vệ Sinh,Restroom,Nhà Vệ Sinh,420322446262,F0 - Arrival|Checkin,0,10.814672648846,106.66214670163,poi-wc,,+84 28 3848 5634,http://tansonnhatairport.vn/,24 Hours,available,
420364759898,Nhà Vệ Sinh,Restroom,Nhà Vệ Sinh,420322446262,F0 - Arrival|Checkin,0,10.814596705114,106.66205440236,poi-wc,,+84 28 3848 5634,http://tansonnhatairport.vn/,24 Hours,available,
420364753232,Nhà Vệ Sinh,Restroom,Nhà Vệ Sinh,420322446363,F1 - Departure,1,10.812636059244,106.66175817674,poi-wc,,+84 28 3848 5634,http://tansonnhatairport.vn/,24 Hours,available,
420364789393,Nhà Vệ Sinh,Restroom,Nhà Vệ Sinh,420322446262,F0 - Arrival|Checkin,0,10.813456890035,106.66245052135,poi-atm,,+84 28 3848 5634,http://tansonnhatairport.vn/,24 Hours,available,
420364758989,Nhà Vệ Sinh Nam,Men's Restroom,Nhà Vệ Sinh Nam,420322446262,F0 - Arrival|Checkin,0,10.813654189458,106.66215925629,poi-wc,,+84 28 3848 5634,http://tansonnhatairport.vn/,24 Hours,available,
420364759494,Nhà Vệ Sinh Nam,Men's Restroom,Nhà Vệ Sinh Nam,420322446262,F0 - Arrival|Checkin,0,10.81265344223,106.66195697948,poi-wc,,+84 28 3848 5634,http://tansonnhatairport.vn/,24 Hours,available,
420364759595,Nhà Vệ Sinh Nam,Men's Restroom,Nhà Vệ Sinh Nam,420322446262,F0 - Arrival|Checkin,0,10.812997920049,106.66190956447,poi-wc,,+84 28 3848 5634,http://tansonnhatairport.vn/,24 Hours,available,
420364756868,Nhà Vệ Sinh Nam,Men's Restroom,Nhà Vệ Sinh Nam,420322446262,F0 - Arrival|Checkin,0,10.814752609005,106.66247473327,poi-wc,,+84 28 3848 5634,http://tansonnhatairport.vn/,24 Hours,available,
420371695555,Nhà Vệ Sinh Nam,Men's Restroom,Nhà Vệ Sinh Nam,420322446363,F1 - Departure,1,10.814224668794,106.66201257525,poi-wc,,+84 28 3848 5634,http://tansonnhatairport.vn/,24 Hours,available,
420371695252,Nhà Vệ Sinh Nam,Men's Restroom,Nhà Vệ Sinh Nam,420322446363,F1 - Departure,1,10.813746298737,106.66199965383,poi-wc,,+84 28 3848 5634,http://tansonnhatairport.vn/,24 Hours,available,
420371695353,Nhà Vệ Sinh Nam,Men's Restroom,Nhà Vệ Sinh Nam,420322446363,F1 - Departure,1,10.813621511035,106.66203778973,poi-wc,,+84 28 3848 5634,http://tansonnhatairport.vn/,24 Hours,available,
420364750606,Nhà Vệ Sinh Nam,Men's Restroom,Nhà Vệ Sinh Nam,420322446363,F1 - Departure,1,10.814421604128,106.6622249961,poi-wc,,+84 28 3848 5634,http://tansonnhatairport.vn/,24 Hours,available,
420364750707,Nhà Vệ Sinh Nam,Men's Restroom,Nhà Vệ Sinh Nam,420322446363,F1 - Departure,1,10.812976157824,106.66209607429,poi-wc,,+84 28 3848 5634,http://tansonnhatairport.vn/,24 Hours,available,
420364750404,Nhà Vệ Sinh Nam,Men's Restroom,Nhà Vệ Sinh Nam,420322446363,F1 - Departure,1,10.814246299403,106.66215301958,poi-wc,,+84 28 3848 5634,http://tansonnhatairport.vn/,24 Hours,available,
420371694949,Nhà Vệ Sinh Nữ,Women's Restroom,Nhà Vệ Sinh Nữ,420322446363,F1 - Departure,1,10.814415044983,106.66227014719,poi-wc,,+84 28 3848 5634,http://tansonnhatairport.vn/,24 Hours,available,
420371695454,Nhà Vệ Sinh Nữ,Women's Restroom,Nhà Vệ Sinh Nữ,420322446363,F1 - Departure,1,10.814238506349,106.66219964479,poi-wc,,+84 28 3848 5634,http://tansonnhatairport.vn/,24 Hours,available,
420371695858,Nhà Vệ Sinh Nữ,Women's Restroom,Nhà Vệ Sinh Nữ,420322446363,F1 - Departure,1,10.813619185026,106.66206019893,poi-wc,,+84 28 3848 5634,http://tansonnhatairport.vn/,24 Hours,available,
420371695959,Nhà Vệ Sinh Nữ,Women's Restroom,Nhà Vệ Sinh Nữ,420322446363,F1 - Departure,1,10.812981333023,106.66204821641,poi-wc,,+84 28 3848 5634,http://tansonnhatairport.vn/,24 Hours,available,
420371695656,Nhà Vệ Sinh Nữ,Women's Restroom,Nhà Vệ Sinh Nữ,420322446262,F0 - Arrival|Checkin,0,10.812575425465,106.66195869777,poi-wc,,+84 28 3848 5634,http://tansonnhatairport.vn/,24 Hours,available,
420371695757,Nhà Vệ Sinh Nữ,Women's Restroom,Nhà Vệ Sinh Nữ,420322446262,F0 - Arrival|Checkin,0,10.813004613547,106.66186800701,poi-wc,,+84 28 3848 5634,http://tansonnhatairport.vn/,24 Hours,available,
420371693131,Nhà Vệ Sinh Nữ,Women's Restroom,Nhà Vệ Sinh Nữ,420322446262,F0 - Arrival|Checkin,0,10.813685885643,106.66216361602,poi-wc,,+84 28 3848 5634,http://tansonnhatairport.vn/,24 Hours,available,
420371693535,Nhà Vệ Sinh Nữ,Women's Restroom,Nhà Vệ Sinh Nữ,420322446262,F0 - Arrival|Checkin,0,10.814741461468,106.66242797899,poi-wc,,+84 28 3848 5634,http://tansonnhatairport.vn/,24 Hours,available,
420364753333,Nhà Vệ Sinh Nữ,Women's Restroom,Nhà Vệ Sinh Nữ,420322446363,F1 - Departure,1,10.813709893241,106.66199676094,poi-wc,,+84 28 3848 5634,http://tansonnhatairport.vn/,24 Hours,available,
420364750505,Nhà Vệ Sinh Nữ,Women's Restroom,Nhà Vệ Sinh Nữ,420322446363,F1 - Departure,1,10.81422841483,106.66196387639,poi-wc,,+84 28 3848 5634,http://tansonnhatairport.vn/,24 Hours,available,
420364773030,Nike,Nike,Nike,420322446363,F1 - Departure,1,10.813460385211,106.66197058457,node-poi,"9,23",+84 28 3848 5634,http://tansonnhatairport.vn/,24 Hours,available,https://mapper-images-singapore.s3-ap-southeast-1.amazonaws.com/seedpoi/logos/company15/2370917161735028758.png
420364772828,Orchids Gold,Orchids Gold,Orchids Gold,420322446363,F1 - Departure,1,10.814592378864,106.66213482601,node-poi,12,+84 28 3848 5634,http://tansonnhatairport.vn/,24 Hours,available,https://mapper-images-singapore.s3-ap-southeast-1.amazonaws.com/seedpoi/logos/company15/23709339901735028758.png
420364752424,Phòng Chờ,Lounge,Phòng Chờ,420322446363,F1 - Departure,1,10.813984710747,106.66199924596,poi-lounge,,+84 28 3848 5634,http://tansonnhatairport.vn/,24 Hours,available,
420364752323,Phòng Chờ Bông Sen,Lotus Lounge,Phòng Chờ Bông Sen,420322446363,F1 - Departure,1,10.812528592178,106.66164142463,poi-lounge,,1900 1800 | +84 24 38320320,https://www.vietnamairlines.com/,24 Hours,available,https://mapper-images-singapore.s3-ap-southeast-1.amazonaws.com/seedpoi/logos/company15/18590864171735028757.png
420364758787,Phòng Chờ Khởi Hành,Departure Lounge,Phòng Chờ Khởi Hành,420322446262,F0 - Arrival|Checkin,0,10.815006696162,106.66232419732,poi-lounge,,+84 28 3848 5634,http://tansonnhatairport.vn/,24 Hours,available,
420364752020,Phòng Chờ Khởi Hành,Departure Lounge,Phòng Chờ Khởi Hành,420322446363,F1 - Departure,1,10.812819644363,106.66191912825,poi-lounge,,+84 28 3848 5634,http://tansonnhatairport.vn/,24 Hours,available,
420364752121,Phòng Chờ Khởi Hành,Departure Lounge,Phòng Chờ Khởi Hành,420322446363,F1 - Departure,1,10.812802435012,106.66171364814,poi-lounge,,+84 28 3848 5634,http://tansonnhatairport.vn/,24 Hours,available,
420364752626,Phòng Chờ Khởi Hành,Departure Lounge,Phòng Chờ Khởi Hành,420322446363,F1 - Departure,1,10.813017893583,106.66168249874,poi-lounge,,+84 28 3848 5634,http://tansonnhatairport.vn/,24 Hours,available,
420364752525,Phòng Chờ Khởi Hành,Departure Lounge,Phòng Chờ Khởi Hành,420322446363,F1 - Departure,1,10.813633414363,106.66179203617,poi-lounge,,+84 28 3848 5634,http://tansonnhatairport.vn/,24 Hours,available,
420364753030,Phòng Chờ Khởi Hành,Departure Lounge,Phòng Chờ Khởi Hành,420322446363,F1 - Departure,1,10.813322714859,106.66176345388,poi-lounge,,+84 28 3848 5634,http://tansonnhatairport.vn/,24 Hours,available,
420364772929,Phòng Chờ Thương Gia Le Saigonnais - SASCO,Le Saigonnais - SASCO Business Lounge,Phòng Chờ Thương Gia Le Saigonnais - SASCO,420322446363,F1 - Departure,1,10.814501103543,106.6619457064,poi-lounge,,+84 28 3848 5634,http://tansonnhatairport.vn/,24 Hours,available,
420364761212,Phòng Chờ Xe Buýt,Bus lounge,Phòng Chờ Xe Buýt,420322446262,F0 - Arrival|Checkin,0,10.814945664443,106.66218215593,poi-lounge,,+84 28 3848 5634,http://tansonnhatairport.vn/,24 Hours,available,
420364788989,Phòng giao dịch Vietinbank,VietinBank Branch,Phòng giao dịch Vietinbank,420322446262,F0 - Arrival|Checkin,0,10.813561185041,106.66247234698,node-poi,,+84 28 3848 5634,http://tansonnhatairport.vn/,24 Hours,available,https://mapper-images-singapore.s3-ap-southeast-1.amazonaws.com/seedpoi/logos/company15/18562349891735028755.png
420371693030,Phòng Tắm,Bathroom,Phòng Tắm,420322446262,F0 - Arrival|Checkin,0,10.813008658837,106.66183201221,poi-wc,,+84 28 3848 5634,http://tansonnhatairport.vn/,24 Hours,available,
420371692828,Phòng Tắm,Bathroom,Phòng Tắm,420322446262,F0 - Arrival|Checkin,0,10.81362067156,106.6621133246,poi-wc,,+84 28 3848 5634,http://tansonnhatairport.vn/,24 Hours,available,
420371693232,Phòng Tắm,Bathroom,Phòng Tắm,420322446262,F0 - Arrival|Checkin,0,10.814717081247,106.66249435754,poi-wc,,+84 28 3848 5634,http://tansonnhatairport.vn/,24 Hours,available,
420364751111,Phúc Anh Minh,Phuc Anh Minh,Phúc Anh Minh,420322446363,F1 - Departure,1,10.814726836347,106.66206623098,node-poi,"1,3,8",+84 28 3848 5634,http://tansonnhatairport.vn/,24 Hours,available,https://mapper-images-singapore.s3-ap-southeast-1.amazonaws.com/seedpoi/logos/company15/2347424851735028757.png
420364751818,Phúc Long Coffee & Tea,Phuc Long Coffee & Tea,Phúc Long Coffee & Tea,420322446363,F1 - Departure,1,10.813848897775,106.66231664364,node-poi,8,+84 28 3848 5634,http://tansonnhatairport.vn/,24 Hours,available,https://mapper-images-singapore.s3-ap-southeast-1.amazonaws.com/seedpoi/logos/company15/2347524201735028758.png
420364755858,PNJ,PNJ,PNJ,420322446363,F1 - Departure,1,10.814473332459,106.66209362449,node-poi,12,+84 28 3848 5634,http://tansonnhatairport.vn/,24 Hours,available,https://mapper-images-singapore.s3-ap-southeast-1.amazonaws.com/seedpoi/logos/company15/18579746071735028757.png
420364758181,Popeyes,Popeyes,Popeyes,420322446363,F1 - Departure,1,10.814040603589,106.66236653923,node-poi,"8,18",+84 28 3848 5366,http://tansonnhatairport.vn/,10AM-10PM,available,https://mapper-images-singapore.s3-ap-southeast-1.amazonaws.com/seedpoi/logos/company15/18579160581735028757.png
420364749898,Prima,Prima,Prima,420322446363,F1 - Departure,1,10.813824559845,106.66179684879,node-poi,,+84 28 3848 5634,http://tansonnhatairport.vn/,24 Hours,available,https://mapper-images-singapore.s3-ap-southeast-1.amazonaws.com/seedpoi/logos/company15/23476556871735028758.png
420364791717,Puro Gusto,Puro Gusto,Puro Gusto,420322446262,F0 - Arrival|Checkin,0,10.814211419492,106.66252200689,node-poi,,+84 28 3848 5634,http://tansonnhatairport.vn/,24 Hours,available,https://mapper-images-singapore.s3-ap-southeast-1.amazonaws.com/seedpoi/logos/company15/18561642861735028755.png
420364787575,Quầy Thủ Tục,Check-in Counter,Quầy Thủ Tục,420322446262,F0 - Arrival|Checkin,0,10.814261227741,106.66220263168,poi-checkin-counter,,+84 28 3848 5634,http://tansonnhatairport.vn/,24 Hours,available,
420364788383,Quầy Thủ Tục A,Check-in Counter A,Quầy Thủ Tục A,420322446262,F0 - Arrival|Checkin,0,10.812696975946,106.66212740186,poi-checkin-counter,,+84 28 3848 5634,http://tansonnhatairport.vn/,24 Hours,available,
420364788080,Quầy Thủ Tục B,Check-in Counter B,Quầy Thủ Tục B,420322446262,F0 - Arrival|Checkin,0,10.812760617583,106.66214003608,poi-checkin-counter,,+84 28 3848 5634,http://tansonnhatairport.vn/,24 Hours,available,
420364759696,Quầy Thủ Tục Bamboo Airways G7-G12,Bamboo Airways Check-in Counters G7-G12,Quầy Thủ Tục Bamboo Airways G7-G12,420322446262,F0 - Arrival|Checkin,0,10.813496718121,106.66211857891,poi-checkin-counter,,+84 28 3848 5634,http://tansonnhatairport.vn/,24 Hours,available,https://mapper-images-singapore.s3-ap-southeast-1.amazonaws.com/seedpoi/logos/company15/20681250981735028756.png
420364787777,Quầy Thủ Tục C,Check-in Counter C,Quầy Thủ Tục C,420322446262,F0 - Arrival|Checkin,0,10.813168632917,106.66213663024,poi-checkin-counter,,+84 28 3848 5634,http://tansonnhatairport.vn/,24 Hours,available,
420364788282,Quầy Thủ Tục D,Check-in Counter D,Quầy Thủ Tục D,420322446262,F0 - Arrival|Checkin,0,10.813212089278,106.66214147377,poi-checkin-counter,,+84 28 3848 5634,http://tansonnhatairport.vn/,24 Hours,available,
420364788181,Quầy Thủ Tục E,Check-in Counter E,Quầy Thủ Tục E,420322446262,F0 - Arrival|Checkin,0,10.813320958564,106.66215149464,poi-checkin-counter,,+84 28 3848 5634,http://tansonnhatairport.vn/,24 Hours,available,
420364788686,Quầy Thủ Tục F,Check-in Counter F,Quầy Thủ Tục F,420322446262,F0 - Arrival|Checkin,0,10.813368570415,106.66215756317,poi-checkin-counter,,+84 28 3848 5634,http://tansonnhatairport.vn/,24 Hours,available,
420364788787,Quầy Thủ Tục G,Check-in Counter G,Quầy Thủ Tục G,420322446262,F0 - Arrival|Checkin,0,10.813490098734,106.66216941518,poi-checkin-counter,,+84 28 3848 5634,http://tansonnhatairport.vn/,24 Hours,available,
420364788484,Quầy Thủ Tục H,Check-in Counter H,Quầy Thủ Tục H,420322446262,F0 - Arrival|Checkin,0,10.81353787522,106.66217908789,poi-checkin-counter,,+84 28 3848 5634,http://tansonnhatairport.vn/,24 Hours,available,
420364787373,Quầy Thủ Tục Hạng Phổ Thông Vietnam Airlines,Vietnam Airlines Economy Class Check-in Counter,Quầy Thủ Tục Hạng Phổ Thông Vietnam Airlines,420322446262,F0 - Arrival|Checkin,0,10.812692620631,106.66218841377,poi-checkin-counter,,1900 1100 | +84 24 38320320,https://www.vietnamairlines.com/,24 Hours,available,https://mapper-images-singapore.s3-ap-southeast-1.amazonaws.com/seedpoi/logos/company15/18565773121735028756.png
420364787878,Quầy Thủ Tục Hạng Phổ Thông Vietnam Airlines,Vietnam Airlines Economy Class Check-in Counter,Quầy Thủ Tục Hạng Phổ Thông Vietnam Airlines,420322446262,F0 - Arrival|Checkin,0,10.812766133871,106.66208784767,poi-checkin-counter,,1900 1100 | +84 24 38320320,https://www.vietnamairlines.com/,24 Hours,available,https://mapper-images-singapore.s3-ap-southeast-1.amazonaws.com/seedpoi/logos/company15/18565840771735028756.png
420364787272,Quầy Thủ Tục Hạng Thương Gia Vietnam Airlines,Vietnam Airlines Business Class Check-in Counter,Quầy Thủ Tục Hạng Thương Gia Vietnam Airlines,420322446262,F0 - Arrival|Checkin,0,10.813183853193,106.66221167671,poi-checkin-counter,,1900 1100 | +84 24 38320320,https://www.vietnamairlines.com/,24 Hours,available,https://mapper-images-singapore.s3-ap-southeast-1.amazonaws.com/seedpoi/logos/company15/18565612951735028756.png
420364760202,Quầy Thủ Tục J,Check-in Counter J,Quầy Thủ Tục J,420322446262,F0 - Arrival|Checkin,0,10.814467341973,106.66222161669,poi-checkin-counter,,+84 28 3848 5634,http://tansonnhatairport.vn/,24 Hours,available,
420364757070,Quầy Thủ Tục Jestar Pacific,Jetstar Pacific Check-in Counter,Quầy Thủ Tục Jestar Pacific,420322446262,F0 - Arrival|Checkin,0,10.813337589378,106.66222501233,poi-checkin-counter,,+84 28 3848 5634,http://tansonnhatairport.vn/,24 Hours,available,https://mapper-images-singapore.s3-ap-southeast-1.amazonaws.com/seedpoi/logos/company15/20681459621735028756.png
420364760303,Quầy Thủ Tục K,Check-in Counter K,Quầy Thủ Tục K,420322446262,F0 - Arrival|Checkin,0,10.814538352344,106.66223306977,poi-checkin-counter,,+84 28 3848 5634,http://tansonnhatairport.vn/,24 Hours,available,
420364787979,Quầy Thủ Tục Không Hành Lý Vietnam Airlines,Vietnam Airlines No Baggage Check-in Counter,Quầy Thủ Tục Không Hành Lý Vietnam Airlines,420322446262,F0 - Arrival|Checkin,0,10.812749363077,106.66225354116,poi-checkin-counter,,1900 1100 | +84 24 38320320,https://www.vietnamairlines.com/,24 Hours,available,https://mapper-images-singapore.s3-ap-southeast-1.amazonaws.com/seedpoi/logos/company15/18565977331735028756.png
420364787676,Quầy Thủ Tục Trực Tuyến Vietnam Airlines,Vietnam Airlines Web Check-in Counter,Quầy Thủ Tục Trực Tuyến Vietnam Airlines,420322446262,F0 - Arrival|Checkin,0,10.812754928642,106.66219980477,poi-checkin-counter,,1900 1100 | +84 24 38320320,https://www.vietnamairlines.com/,24 Hours,available,https://mapper-images-singapore.s3-ap-southeast-1.amazonaws.com/seedpoi/logos/company15/18566056261735028756.png
420364759797,Quầy Thủ Tục Vasco,Vasco Check-in Counter,Quầy Thủ Tục Vasco,420322446262,F0 - Arrival|Checkin,0,10.813484170926,106.6622257667,poi-checkin-counter,,+84 28 3848 5634,http://tansonnhatairport.vn/,24 Hours,available,
420364757272,Quầy Tự Làm Thủ Tục,Self Check-in Counter,Quầy Tự Làm Thủ Tục,420322446262,F0 - Arrival|Checkin,0,10.813301939077,106.66230725671,poi-checkin-counter,,+84 28 3848 5634,http://tansonnhatairport.vn/,24 Hours,available,
420371693636,Quầy Tự Làm Thủ Tục,Self Check-in Counter,Quầy Tự Làm Thủ Tục,420322446262,F0 - Arrival|Checkin,0,10.812912638655,106.66228945159,poi-checkin-counter,,+84 28 3848 5634,http://tansonnhatairport.vn/,24 Hours,available,
420364787474,Quầy Tự Làm Thủ Tục,Self Check-in Counter,Quầy Tự Làm Thủ Tục,420322446262,F0 - Arrival|Checkin,0,10.81463172964,106.66247455283,poi-checkin-counter,,+84 28 3848 5634,http://tansonnhatairport.vn/,24 Hours,available,
420364788585,Quầy Tự Làm Thủ Tục Vietnam Airlines,Vietnam Airlines Self Check-in Counter,Quầy Tự Làm Thủ Tục Vietnam Airlines,420322446262,F0 - Arrival|Checkin,0,10.813016405009,106.66229411081,poi-checkin-counter,,+84 28 3848 5634,http://tansonnhatairport.vn/,24 Hours,available,https://mapper-images-singapore.s3-ap-southeast-1.amazonaws.com/seedpoi/logos/company15/1856706011735028756.png
420364758080,Quầy Vé BamBoo Airways,BamBoo Airways Ticket Counter,Quầy Vé BamBoo Airways,420322446262,F0 - Arrival|Checkin,0,10.813491240375,106.66231855436,poi-ticket,,+84 28 3848 5634,http://tansonnhatairport.vn/,24 Hours,available,https://mapper-images-singapore.s3-ap-southeast-1.amazonaws.com/seedpoi/logos/company15/23708747961735028756.png
420364757575,Quầy Vé Jetstar,Jetstar Ticket Counter,Quầy Vé Jetstar,420322446262,F0 - Arrival|Checkin,0,10.81333992646,106.66231095309,poi-ticket,,+84 28 3848 5634,http://tansonnhatairport.vn/,24 Hours,available,
420364757373,Quầy Vé Máy Bay,Airline Ticket Counter,Quầy Vé Máy Bay,420322446262,F0 - Arrival|Checkin,0,10.813231660548,106.66241083015,poi-ticket,,+84 28 3848 5634,http://tansonnhatairport.vn/,24 Hours,available,
420364756969,Quầy Vé Vasco,Vasco Ticket Counter,Quầy Vé Vasco,420322446262,F0 - Arrival|Checkin,0,10.813546727887,106.66232477363,poi-ticket,,+84 28 3848 5634,http://tansonnhatairport.vn/,24 Hours,available,
420364757777,Quầy Vé Vietjet Air,Vietjet Air Ticket Counter,Quầy Vé Vietjet Air,420322446262,F0 - Arrival|Checkin,0,10.814396229601,106.6624074244,poi-ticket,,+84 28 3848 5634,http://tansonnhatairport.vn/,24 Hours,available,https://mapper-images-singapore.s3-ap-southeast-1.amazonaws.com/seedpoi/logos/company15/23480050031735028756.png
420364757474,Quầy Vé Vietnam Airlines,Vietnam Airlines Ticket Counter,Quầy Vé Vietnam Airlines,420322446262,F0 - Arrival|Checkin,0,10.812977660126,106.66228989468,poi-ticket,,+84 28 3848 5634,http://tansonnhatairport.vn/,24 Hours,available,https://mapper-images-singapore.s3-ap-southeast-1.amazonaws.com/seedpoi/logos/company15/23479234871735028756.png
420364755555,Saigon Market,Saigon Market,Saigon Market,420322446363,F1 - Departure,1,10.813225859702,106.66198834778,node-poi,"5,8",+84 28 3848 5634,http://tansonnhatairport.vn/,24 Hours,available,https://mapper-images-singapore.s3-ap-southeast-1.amazonaws.com/seedpoi/logos/company15/18579465611735028757.png
420364751717,Seasonal Favorite,Seasonal Favorite,Seasonal Favorite,420322446363,F1 - Departure,1,10.813512330227,106.66228747462,node-poi,1,+84 28 3848 5634,http://tansonnhatairport.vn/,24 Hours,available,https://mapper-images-singapore.s3-ap-southeast-1.amazonaws.com/seedpoi/logos/company15/23475510241735028758.png
420364755454,Senviet Spa,Senviet Spa,Senviet Spa,420322446363,F1 - Departure,1,10.813790977363,106.66231356561,node-poi,"10,20",+84 28 3848 5634,http://tansonnhatairport.vn/,24 Hours,available,https://mapper-images-singapore.s3-ap-southeast-1.amazonaws.com/seedpoi/logos/company15/18579291201735028757.png
420364756767,SJC Minh Khai,SJC Minh Khai,SJC Minh Khai,420322446363,F1 - Departure,1,10.813930980751,106.66211232013,node-poi,12,+84 28 3848 5634,http://tansonnhatairport.vn/,24 Hours,available,https://mapper-images-singapore.s3-ap-southeast-1.amazonaws.com/seedpoi/logos/company15/18582618741735028757.png
420364751313,Sóng Việt,Song Viet ,Sóng Việt,420322446363,F1 - Departure,1,10.814142111742,106.66206924337,node-poi,1,+84 28 3848 5634,http://tansonnhatairport.vn/,24 Hours,available,https://mapper-images-singapore.s3-ap-southeast-1.amazonaws.com/seedpoi/logos/company15/23475133521735028758.png
420364791616,Sora Cafe,Sora Cafe,Sora Cafe,420322446262,F0 - Arrival|Checkin,0,10.813289748355,106.66242420673,node-poi,"8,18",+84 28 3848 5634,http://tansonnhatairport.vn/,24 Hours,available,https://mapper-images-singapore.s3-ap-southeast-1.amazonaws.com/seedpoi/logos/company15/18561528871735028755.png
420371693333,Souvenir,Souvenir,Souvenir,420322446262,F0 - Arrival|Checkin,0,10.815161256314,106.66224435805,node-poi,,+84 28 3848 5634,http://tansonnhatairport.vn/,24 Hours,available,https://mapper-images-singapore.s3-ap-southeast-1.amazonaws.com/seedpoi/logos/company15/17490909208878862.png
420364755353,Star Cafe,Star Cafe,Star Cafe,420322446363,F1 - Departure,1,10.814124251377,106.66225522757,node-poi,8,+84 28 3848 5634,http://tansonnhatairport.vn/,24 Hours,available,https://mapper-images-singapore.s3-ap-southeast-1.amazonaws.com/seedpoi/logos/company15/18579660771735028757.png
420364753838,Star Cafe,Star Cafe,Star Cafe,420322446363,F1 - Departure,1,10.813370406019,106.66196531468,node-poi,8,+84 28 3848 5634,http://tansonnhatairport.vn/,24 Hours,available,https://mapper-images-singapore.s3-ap-southeast-1.amazonaws.com/seedpoi/logos/company15/18583121141735028757.png
420364789494,Star Cafe,Star Cafe,Star Cafe,420322446262,F0 - Arrival|Checkin,0,10.815010970236,106.66248221586,node-poi,8,+84 28 3848 5634,http://tansonnhatairport.vn/,24 Hours,available,https://mapper-images-singapore.s3-ap-southeast-1.amazonaws.com/seedpoi/logos/company15/18562483931735028755.png
420364751515,Sun Glasses,Sun Glasses,Sun Glasses,420322446363,F1 - Departure,1,10.814153534704,106.66195231623,node-poi,"1,24",+84 28 3848 5634,http://tansonnhatairport.vn/,24 Hours,available,https://mapper-images-singapore.s3-ap-southeast-1.amazonaws.com/seedpoi/logos/company15/23474963771735028757.png
420371693838,SV Fashion,SV Fashion,SV Fashion,420322446262,F0 - Arrival|Checkin,0,10.815165208164,106.66219729327,node-poi,,+84 28 3848 5634,http://tansonnhatairport.vn/,24 Hours,available,https://mapper-images-singapore.s3-ap-southeast-1.amazonaws.com/seedpoi/logos/company15/17490909435275262.png
420364753636,Taste of Asia,Taste of Asia,Taste of Asia,420322446363,F1 - Departure,1,10.81328261014,106.66199431654,node-poi,"8,18",+84 28 3848 5634,http://tasteofasia.biz/,24 Hours,available,https://mapper-images-singapore.s3-ap-southeast-1.amazonaws.com/seedpoi/logos/company15/18583317461735028757.png
420364749090,Taste of Vietnam,Taste of Vietnam,Taste of Vietnam,420322446363,F1 - Departure,1,10.813440537886,106.6622807691,node-poi,"3,8",+84 28 3848 5634,http://tansonnhatairport.vn/,24 Hours,available,https://mapper-images-singapore.s3-ap-southeast-1.amazonaws.com/seedpoi/logos/company15/23475697211735028758.png
420364749191,Taste of Vietnam,Taste of Vietnam,Taste of Vietnam,420322446363,F1 - Departure,1,10.813365917984,106.66227396108,node-poi,8,+84 28 3848 5634,http://tansonnhatairport.vn/,24 Hours,available,https://mapper-images-singapore.s3-ap-southeast-1.amazonaws.com/seedpoi/logos/company15/23475775411735028758.png
420364760404,Thang Bộ,Staircase,Thang Bộ,420322446262,F0 - Arrival|Checkin,0,10.813815361099,106.66176168258,poi-staircase,,+84 28 3848 5634,http://tansonnhatairport.vn/,24 Hours,available,
420364759090,Thang Bộ,Staircase,Thang Bộ,420322446262,F0 - Arrival|Checkin,0,10.813992939175,106.66177786981,poi-staircase,,+84 28 3848 5634,http://tansonnhatairport.vn/,24 Hours,available,
420364758888,Thang Bộ,Staircase,Thang Bộ,420322446262,F0 - Arrival|Checkin,0,10.812899059717,106.66207927848,poi-staircase,,+84 28 3848 5634,http://tansonnhatairport.vn/,24 Hours,available,
420364752929,Thang Bộ,Staircase,Thang Bộ,420322446363,F1 - Departure,1,10.813796373241,106.66175927087,poi-staircase,,+84 28 3848 5634,http://tansonnhatairport.vn/,24 Hours,available,
420364753434,Thang Bộ,Staircase,Thang Bộ,420322446363,F1 - Departure,1,10.813990160618,106.66177658259,poi-staircase,,+84 28 3848 5634,http://tansonnhatairport.vn/,24 Hours,available,
420364753535,Thang Bộ,Staircase,Thang Bộ,420322446363,F1 - Departure,1,10.812887799554,106.66207941979,poi-staircase,,+84 28 3848 5634,http://tansonnhatairport.vn/,24 Hours,available,
420364760505,Thang Cuốn,Escalator,Thang Cuốn,420322446262,F0 - Arrival|Checkin,0,10.814688190081,106.66223704665,poi-escalator,,+84 28 3848 5634,http://tansonnhatairport.vn/,24 Hours,available,
420364759191,Thang Cuốn,Escalator,Thang Cuốn,420322446262,F0 - Arrival|Checkin,0,10.813056587869,106.66175916911,poi-escalator,,+84 28 3848 5634,http://tansonnhatairport.vn/,24 Hours,available,
420364754343,Thang Cuốn,Escalator,Thang Cuốn,420322446363,F1 - Departure,1,10.813017898438,106.66174875448,poi-escalator,,+84 28 3848 5634,http://tansonnhatairport.vn/,24 Hours,available,
420364754040,Thang Cuốn,Escalator,Thang Cuốn,420322446363,F1 - Departure,1,10.814690670193,106.66223514141,poi-escalator,,+84 28 3848 5634,http://tansonnhatairport.vn/,24 Hours,available,
420364760000,Thang Máy,Elevator,Thang Máy,420322446262,F0 - Arrival|Checkin,0,10.813005874688,106.66180120483,poi-elevator,,+84 28 3848 5634,http://tansonnhatairport.vn/,24 Hours,available,
420364760101,Thang Máy,Elevator,Thang Máy,420322446262,F0 - Arrival|Checkin,0,10.812880514867,106.66210776421,poi-elevator,,+84 28 3848 5634,http://tansonnhatairport.vn/,24 Hours,available,
420364753737,Thang Máy,Elevator,Thang Máy,420322446363,F1 - Departure,1,10.812880152918,106.66210716649,poi-elevator,,+84 28 3848 5634,http://tansonnhatairport.vn/,24 Hours,available,
420364754242,Thang Máy,Elevator,Thang Máy,420322446363,F1 - Departure,1,10.813006067507,106.66180164429,poi-elevator,,+84 28 3848 5634,http://tansonnhatairport.vn/,24 Hours,available,
420364756161,The Cocoa Trees,The Cocoa Trees,The Cocoa Trees,420322446363,F1 - Departure,1,10.813955220709,106.66235810377,node-poi,8,+84 28 3848 5634,http://tansonnhatairport.vn/,24 Hours,available,https://mapper-images-singapore.s3-ap-southeast-1.amazonaws.com/seedpoi/logos/company15/18582268001735028757.png
420364789191,The Phoenix,The Phoenix,The Phoenix,420322446262,F0 - Arrival|Checkin,0,10.813794847421,106.66220351014,node-poi,8,+84 28 3848 5634,http://tansonnhatairport.vn/,24 Hours,available,https://mapper-images-singapore.s3-ap-southeast-1.amazonaws.com/seedpoi/logos/company15/18562192131735028755.png
420364755757,TT Food Takeaway Cafe,TT Food Takeaway Cafe,TT Food Takeaway Cafe,420322446363,F1 - Departure,1,10.814213443117,106.66190488615,node-poi,8,+84 28 3848 5634,http://tansonnhatairport.vn/,24 Hours,available,https://mapper-images-singapore.s3-ap-southeast-1.amazonaws.com/seedpoi/logos/company15/18581651881735028757.png
420364751919,Twike Joys,Twike Joys,Twike Joys,420322446363,F1 - Departure,1,10.813709265101,106.66230557954,node-poi,26,+84 28 3848 5634,http://tansonnhatairport.vn/,24 Hours,available,https://mapper-images-singapore.s3-ap-southeast-1.amazonaws.com/seedpoi/logos/company15/23475333051735028758.png
420364789292,Urban Market,Urban Market,Urban Market,420322446262,F0 - Arrival|Checkin,0,10.815109119389,106.66249355505,node-poi,8,+84 28 3848 5634,http://tansonnhatairport.vn/,24 Hours,available,https://mapper-images-singapore.s3-ap-southeast-1.amazonaws.com/seedpoi/logos/company15/18562672111735028755.png
420364755959,Viet Nam's Delights,Viet Nam's Delights,Viet Nam's Delights,420322446363,F1 - Departure,1,10.812734918062,106.66202424413,node-poi,3,+84 28 3848 5634,http://tansonnhatairport.vn/,24 Hours,available,https://mapper-images-singapore.s3-ap-southeast-1.amazonaws.com/seedpoi/logos/company15/18580623631735028757.png
420371692929,Viet Travel,Viet Travel,Viet Travel,420322446262,F0 - Arrival|Checkin,0,10.813626236847,106.66240386184,node-poi,,+84 28 3848 5634,http://tansonnhatairport.vn/,24 Hours,available,https://mapper-images-singapore.s3-ap-southeast-1.amazonaws.com/seedpoi/logos/company15/17490906308648632.png
420364749595,Vietnam Aroma,Vietnam Aroma,Vietnam Aroma,420322446363,F1 - Departure,1,10.813057013037,106.66224311566,node-poi,"3,8",+84 28 3848 5634,http://tansonnhatairport.vn/,24 Hours,available,https://mapper-images-singapore.s3-ap-southeast-1.amazonaws.com/seedpoi/logos/company15/23476166321735028758.png
420364751616,Vietnam Heritage,Vietnam Heritage,Vietnam Heritage,420322446363,F1 - Departure,1,10.813586098489,106.66229418014,node-poi,26,+84 28 3848 5634,http://tansonnhatairport.vn/,24 Hours,available,https://mapper-images-singapore.s3-ap-southeast-1.amazonaws.com/seedpoi/logos/company15/23475474081735028758.png
420364756363,Wine,Wine,Wine,420322446363,F1 - Departure,1,10.814173547269,106.6617943982,node-poi,8,+84 28 3848 5634,http://tansonnhatairport.vn/,24 Hours,available,https://mapper-images-singapore.s3-ap-southeast-1.amazonaws.com/seedpoi/logos/company15/1858196671735028757.png
420364757878,Xe Đẩy,Trolley,Xe Đẩy,420322446262,F0 - Arrival|Checkin,0,10.813237909795,106.66233188544,poi-stroller,,+84 28 3848 5634,http://tansonnhatairport.vn/,24 Hours,available,
420364758484,Y Tế Sân Bay,Airport Medical Services,Y Tế Sân Bay,420322446262,F0 - Arrival|Checkin,0,10.813611937117,106.66222073755,poi-medical,,+84 28 3848 5634,http://tansonnhatairport.vn/,24 Hours,available,
420364750808,Yến Sào Finest,Finest Bird’s Nest,Yến Sào Finest,420322446363,F1 - Departure,1,10.814731932071,106.66201044763,node-poi,"8,10",+84 28 3848 5634,http://tansonnhatairport.vn/,24 Hours,available,https://mapper-images-singapore.s3-ap-southeast-1.amazonaws.com/seedpoi/logos/company15/23474354631735028757.png
